"ID","Start_time","Completion_time","StudentID","Last_modified_time","SectionID","Tree_species","Accession_Acer_rubrum","Accession_Acer_saccharinum","Accession_Acer_saccharum","Accession_Cercis_canadensis","Accession_Cornus_florida","Accession_Fagus_grandifolia","Accession_Fagus_sylvatica","Accession_Gymnocladus_dioicius","Accession_Liriodendron_tulipifera","Accession_Metasequoia_glyptostroboides","Accession_Ostrya_virginiana","Accession_Pinus_strobus","Accession_Platanus_occidentalis","Accession_Quercus_alba","Accession_Quercus_macrocarpa","Accession_Quercus_rubra","Accession_Ulmus_americana","Percent_color","Percent_fallen","Photo_date","Comments"
1,2024-09-03 13:46:27,2024-09-03 13:48:49,90444574,,"2024-02","Liriodendron tulipifera (tulip tree)",,,,,,,,,"20120053*02",,,,,,,,,0,0,2024-08-31,
2,2024-09-03 13:49:00,2024-09-03 13:50:02,90444574,,"2024-02","Platanus occidentalis (sycamore)",,,,,,,,,,,,,"CC0016*01",,,,,0,0,2024-08-31,
3,2024-09-03 15:02:17,2024-09-03 15:08:23,36698373,,"2024-05","Acer saccharum (sugar maple)",,,"CC1032*01",,,,,,,,,,,,,,,2,2,2024-09-03,
4,2024-09-03 15:08:30,2024-09-03 15:14:53,36698373,,"2024-05","Cornus florida (eastern flowering dogwood)",,,,,"CC0364*01",,,,,,,,,,,,,65,65,2024-09-03,
5,2024-09-03 19:33:04,2024-09-03 19:35:31,12131803,,"2024-05","Acer rubrum (red maple)","CC1719*02",,,,,,,,,,,,,,,,,0,0,2024-09-03,
6,2024-09-03 19:35:35,2024-09-03 19:36:24,12131803,,"2024-05","Acer saccharum (sugar maple)",,,"CC5899*02",,,,,,,,,,,,,,,1,1,2024-09-03,
7,2024-09-04 10:15:51,2024-09-04 10:16:29,71843862,,"2024-01","Quercus rubra (red oak)",,,,,,,,,,,,,,,,"CC4944*01",,5,5,2024-09-04,
8,2024-09-04 10:16:52,2024-09-04 10:21:25,71843862,,"2024-01","Quercus alba (white oak)",,,,,,,,,,,,,,"CC4955*01",,,,0,0,2024-09-04,
9,2024-09-04 10:21:31,2024-09-04 10:22:14,71843862,,"2024-01","Quercus rubra (red oak)",,,,,,,,,,,,,,,,"CC4944*01",,5,5,2024-09-04,
10,2024-09-04 11:55:57,2024-09-04 11:59:50,73468372,,"2024-05","Cornus florida (eastern flowering dogwood)",,,,,"CC1720*02",,,,,,,,,,,,,55,55,2024-09-04,"n/a"
11,2024-09-04 12:00:15,2024-09-04 12:02:07,73468372,,"2024-05","Cornus florida (eastern flowering dogwood)",,,,,"CC1741*01",,,,,,,,,,,,,0,0,2024-09-03,"n/a"
12,2024-09-04 12:59:26,2024-09-04 13:01:58,73414642,,"2024-05","Quercus rubra (red oak)",,,,,,,,,,,,,,,,"CC0286*01",,0,0,2024-09-04,
13,2024-09-04 13:02:16,2024-09-04 13:03:12,73414642,,"2024-05","Quercus rubra (red oak)",,,,,,,,,,,,,,,,"CC0288*01",,0,0,2024-09-04,
14,2024-09-04 14:43:42,2024-09-04 14:45:22,13182478,,"2024-05","Cercis canadensis (eastern redbud)",,,,"CC8324*01",,,,,,,,,,,,,,0,0,2024-09-03,
15,2024-09-04 14:45:27,2024-09-04 14:46:20,13182478,,"2024-05","Ulmus americana (American elm)",,,,,,,,,,,,,,,,,"CC6943*01",0,0,2024-09-04,
16,2024-09-04 15:39:52,2024-09-04 15:41:08,61110108,,"2024-05","Acer rubrum (red maple)","CC2943*01",,,,,,,,,,,,,,,,,1,1,2024-09-04,
17,2024-09-04 15:41:12,2024-09-04 15:42:21,61110108,,"2024-05","Cornus florida (eastern flowering dogwood)",,,,,"CC2938*01",,,,,,,,,,,,,15,15,2024-09-04,
18,2024-09-04 16:57:10,2024-09-04 16:58:32,69993096,,"2024-01","Fagus grandifolia (American beech)",,,,,,"CC6328*01",,,,,,,,,,,,0,0,2024-09-04,"NA"
19,2024-09-04 16:58:36,2024-09-04 16:59:22,69993096,,"2024-01","Liriodendron tulipifera (tulip tree)",,,,,,,,,"20230040*01",,,,,,,,,0,0,2024-09-04,"NA"
20,2024-09-04 17:01:18,2024-09-04 17:03:01,57437424,,"2024-01","Acer rubrum (red maple)","CC6250*01",,,,,,,,,,,,,,,,,0,0,2024-09-04,
21,2024-09-04 17:03:06,2024-09-04 17:04:47,57437424,,"2024-01","Acer saccharum (sugar maple)",,,"CC6403*01",,,,,,,,,,,,,,,0,0,2024-09-04,
22,2024-09-04 16:46:20,2024-09-04 17:10:25,40715640,,"2024-01","Quercus alba (white oak)",,,,,,,,,,,,,,"CC6631*01",,,,0,0,2024-09-04,"N/A"
23,2024-09-04 17:11:57,2024-09-04 17:14:16,17477850,,"2024-02","Platanus occidentalis (sycamore)",,,,,,,,,,,,,"CC6645*01",,,,,0,0,2024-09-04,
24,2024-09-04 17:14:22,2024-09-04 17:15:20,17477850,,"2024-02","Quercus alba (white oak)",,,,,,,,,,,,,,"CC6631*01",,,,0,0,2024-09-04,
25,2024-09-04 17:32:29,2024-09-04 17:37:06,67704566,,"2024-01","Cercis canadensis (eastern redbud)",,,,"98P065*04",,,,,,,,,,,,,,0,0,2024-09-04,
26,2024-09-04 17:37:16,2024-09-04 17:40:21,67704566,,"2024-01","Fagus grandifolia (American beech)",,,,,,"CC0139*01",,,,,,,,,,,,20,20,2024-09-04,
27,2024-09-04 17:40:47,2024-09-04 17:41:12,15183293,,"2024-01","Ulmus americana (American elm)",,,,,,,,,,,,,,,,,"CC4653*01",0,0,2024-09-04,
28,2024-09-04 17:37:48,2024-09-04 17:41:14,31620249,,"2024-01","Cornus florida (eastern flowering dogwood)",,,,,"20160323*01",,,,,,,,,,,,,30,30,2024-09-04,
29,2024-09-04 17:41:27,2024-09-04 17:42:47,31620249,,"2024-01","Fagus grandifolia (American beech)",,,,,,"20130268*03",,,,,,,,,,,,0,0,2024-09-04,
30,2024-09-04 17:41:49,2024-09-04 17:44:17,15183293,,"2024-01","Liriodendron tulipifera (tulip tree)",,,,,,,,,"20130271*01",,,,,,,,,0,0,2024-09-04,
31,2024-09-04 17:10:32,2024-09-04 17:52:02,40715640,,"2024-01","Platanus occidentalis (sycamore)",,,,,,,,,,,,,"CC6645*01",,,,,0.1,0.1,2024-09-04,"N/A"
32,2024-09-04 17:10:41,2024-09-04 17:59:36,26681711,,"2024-02","Ulmus americana (American elm)",,,,,,,,,,,,,,,,,"CC6249*01",0,0,2024-09-04,
33,2024-09-04 17:59:50,2024-09-04 18:00:38,26681711,,"2024-02","Acer rubrum (red maple)","CC6281*02",,,,,,,,,,,,,,,,,0,0,2024-09-04,
34,2024-09-04 18:17:58,2024-09-04 18:19:39,12042211,,"2024-01","Gymnocladus dioicius (Kentucky coffee-tree)",,,,,,,,"NN0272*01",,,,,,,,,,0,0,2024-09-04,
35,2024-09-04 18:19:56,2024-09-04 18:20:49,12042211,,"2024-01","Gymnocladus dioicius (Kentucky coffee-tree)",,,,,,,,"NN0273*01",,,,,,,,,,0,0,2024-09-04,
36,2024-09-04 18:38:27,2024-09-04 18:42:01,93004546,,"2024-02","Quercus alba (white oak)",,,,,,,,,,,,,,"CC4955*01",,,,0,0,2024-09-04,
37,2024-09-04 18:42:47,2024-09-04 18:43:59,93004546,,"2024-02","Acer saccharum (sugar maple)",,,"CC5899*02",,,,,,,,,,,,,,,3,3,2024-09-03,
38,2024-09-04 18:46:47,2024-09-04 18:48:14,41913480,,"2024-02","Liriodendron tulipifera (tulip tree)",,,,,,,,,"CC0901*01",,,,,,,,,0,0,2024-09-04,
39,2024-09-04 18:48:17,2024-09-04 18:48:52,41913480,,"2024-02","Platanus occidentalis (sycamore)",,,,,,,,,,,,,"CC0016*01",,,,,0,0,2024-09-04,
40,2024-09-04 18:57:33,2024-09-04 19:03:14,68158369,,"2024-01","Liriodendron tulipifera (tulip tree)",,,,,,,,,"20120053*02",,,,,,,,,0,0,2024-09-04,
41,2024-09-04 19:03:30,2024-09-04 19:05:21,68158369,,"2024-01","Quercus macrocarpa (bur oak)",,,,,,,,,,,,,,,"CC4980*01",,,0,0,2024-09-04,
42,2024-09-04 20:05:07,2024-09-04 20:08:18,14913081,,"2024-01","Acer rubrum (red maple)","CC8185*03",,,,,,,,,,,,,,,,,0,0,2024-09-04,
43,2024-09-04 20:08:22,2024-09-04 20:09:59,14913081,,"2024-01","Quercus rubra (red oak)",,,,,,,,,,,,,,,,"94N379*07",,0,0,2024-09-04,
44,2024-09-04 20:14:25,2024-09-04 20:17:10,68943273,,"2024-02","Metasequoia glyptostroboides (dawn-redwood)",,,,,,,,,,"CC1126*01",,,,,,,,0,0,2024-09-04,
45,2024-09-04 20:17:22,2024-09-04 20:18:18,68943273,,"2024-02","Quercus macrocarpa (bur oak)",,,,,,,,,,,,,,,"20070507*05",,,0,0,2024-09-04,
46,2024-09-04 20:15:12,2024-09-04 20:20:19,91179587,,"2024-01","Cornus florida (eastern flowering dogwood)",,,,,"CC7298*02",,,,,,,,,,,,,60,60,2024-09-04,
47,2024-09-04 20:23:26,2024-09-04 20:26:13,91179587,,"2024-01","Ulmus americana (American elm)",,,,,,,,,,,,,,,,,"CC5459*03",5,5,2024-09-04,
48,2024-09-04 20:24:00,2024-09-04 20:26:29,91235412,,"2024-01","Quercus alba (white oak)",,,,,,,,,,,,,,"CC6390*01",,,,0,0,2024-09-04,"N/A"
49,2024-09-04 20:39:54,2024-09-04 20:47:26,10037600,,"2024-02","Acer saccharum (sugar maple)",,,"CC6530*01",,,,,,,,,,,,,,,0,0,2024-09-04,"It seems that this tree had a major branch that broke off towards the top right section (when compared to the photo on Google Maps)."
50,2024-09-04 20:45:48,2024-09-04 20:48:37,34680716,,"2024-02","Fagus grandifolia (American beech)",,,,,,"CC1623*01",,,,,,,,,,,,0,0,2024-09-04,
51,2024-09-04 20:47:52,2024-09-04 20:49:23,10037600,,"2024-02","Acer saccharum (sugar maple)",,,"CC6527*01",,,,,,,,,,,,,,,0,0,2024-09-04,
52,2024-09-04 20:48:41,2024-09-04 20:54:29,34680716,,"2024-02","Cercis canadensis (eastern redbud)",,,,"CC1628*01",,,,,,,,,,,,,,0,0,2024-09-04,
53,2024-09-04 21:35:13,2024-09-04 21:39:46,60420138,,"2024-01","Liriodendron tulipifera (tulip tree)",,,,,,,,,"20230040*01",,,,,,,,,0,0,2024-09-04,
54,2024-09-04 21:39:51,2024-09-04 21:42:46,60420138,,"2024-01","Cornus florida (eastern flowering dogwood)",,,,,"CC2938*01",,,,,,,,,,,,,20,20,2024-09-04,
55,2024-09-04 21:44:25,2024-09-04 21:47:55,97739031,,"2024-02","Quercus rubra (red oak)",,,,,,,,,,,,,,,,"91P205*01",,5,5,2024-09-04,
56,2024-09-04 21:48:00,2024-09-04 21:48:57,97739031,,"2024-02","Ulmus americana (American elm)",,,,,,,,,,,,,,,,,"CC5459*02",0,0,2024-09-04,
57,2024-09-04 22:59:11,2024-09-04 23:02:01,92204237,,"2024-02","Acer rubrum (red maple)","CC8185*03",,,,,,,,,,,,,,,,,30,30,2024-09-04,
58,2024-09-04 23:02:05,2024-09-04 23:02:57,92204237,,"2024-02","Liriodendron tulipifera (tulip tree)",,,,,,,,,"20090398*07",,,,,,,,,0,0,2024-09-04,
59,2024-09-05 00:51:42,2024-09-05 00:52:20,91454412,,"2024-01","Gymnocladus dioicius (Kentucky coffee-tree)",,,,,,,,"CC0209*01",,,,,,,,,,0,0,2024-09-04,
60,2024-09-05 00:52:24,2024-09-05 00:53:44,91454412,,"2024-01","Gymnocladus dioicius (Kentucky coffee-tree)",,,,,,,,"CC0272*01",,,,,,,,,,0,0,2024-09-04,
61,2024-09-05 07:38:10,2024-09-05 07:39:24,68158369,,"2024-01","Quercus macrocarpa (bur oak)",,,,,,,,,,,,,,,"CC4980*01",,,0,0,2024-09-05,
62,2024-09-05 07:39:43,2024-09-05 07:40:45,68158369,,"2024-01","Liriodendron tulipifera (tulip tree)",,,,,,,,,"20120053*02",,,,,,,,,0,0,2024-09-05,
63,2024-09-05 09:57:25,2024-09-05 10:03:24,78054940,,"2024-01","Acer saccharum (sugar maple)",,,"CC6530*01",,,,,,,,,,,,,,,95,95,2024-09-04,
64,2024-09-05 10:03:51,2024-09-05 10:04:32,78054940,,"2024-01","Acer saccharum (sugar maple)",,,"CC6530*01",,,,,,,,,,,,,,,0,0,2024-09-04,
65,2024-09-05 10:18:55,2024-09-05 10:20:21,96931862,,"2024-01","Acer saccharinum (silver maple)",,"CC4532*01",,,,,,,,,,,,,,,,0,0,2024-09-05,
66,2024-09-05 10:20:24,2024-09-05 10:20:59,96931862,,"2024-01","Acer saccharinum (silver maple)",,"CC4536*01",,,,,,,,,,,,,,,,0,0,2024-09-05,
67,2024-09-05 10:21:11,2024-09-05 10:21:37,96931862,,"2024-01","Acer saccharinum (silver maple)",,"CC4532*01",,,,,,,,,,,,,,,,0,0,2024-09-05,
68,2024-09-05 10:59:14,2024-09-05 11:02:49,68093698,,"2024-01","Quercus macrocarpa (bur oak)",,,,,,,,,,,,,,,"CC7326*01",,,0,0,2024-09-05,"I feel as though the tree is still at a state where it has changed yet and that is why I have a zero for both the color and the amount of leaves that have fallen"
69,2024-09-05 11:02:57,2024-09-05 11:04:19,68093698,,"2024-01","Platanus occidentalis (sycamore)",,,,,,,,,,,,,"CC4983*03",,,,,0,0,2024-09-05,
70,2024-09-05 11:01:25,2024-09-05 11:08:41,74608139,,"2024-02","Fagus grandifolia (American beech)",,,,,,"CC1623*01",,,,,,,,,,,,0,0,2024-09-04,
71,2024-09-05 11:08:03,2024-09-05 11:08:54,71696264,,"2024-01","Ulmus americana (American elm)",,,,,,,,,,,,,,,,,"CC4656*01",7,7,2024-09-04,"N/A"
72,2024-09-05 11:08:59,2024-09-05 11:10:19,71696264,,"2024-01","Fagus grandifolia (American beech)",,,,,,"CC1245*01",,,,,,,,,,,,0,0,2024-09-04,"N/A"
73,2024-09-05 11:08:46,2024-09-05 11:10:26,74608139,,"2024-02","Quercus alba (white oak)",,,,,,,,,,,,,,"CC6651*01",,,,0,0,2024-09-04,
74,2024-09-05 11:17:28,2024-09-05 11:19:43,21464935,,"2024-02","Cercis canadensis (eastern redbud)",,,,"CC6021*01",,,,,,,,,,,,,,0,0,2024-09-05,
75,2024-09-05 11:19:46,2024-09-05 11:20:51,21464935,,"2024-02","Acer rubrum (red maple)","CC2943*03",,,,,,,,,,,,,,,,,0,0,2024-09-05,
76,2024-09-05 11:30:05,2024-09-05 11:34:10,22012871,,"2024-02","Metasequoia glyptostroboides (dawn-redwood)",,,,,,,,,,"CC1126*01",,,,,,,,0,0,2024-09-05,"n/a"
77,2024-09-05 12:19:40,2024-09-05 12:20:44,39637426,,"2024-02","Quercus macrocarpa (bur oak)",,,,,,,,,,,,,,,"20090214*02",,,0,0,2024-09-04,
78,2024-09-05 11:34:28,2024-09-05 12:21:33,22012871,,"2024-02","Platanus occidentalis (sycamore)",,,,,,,,,,,,,"CC0597*01",,,,,1,1,2024-09-05,
79,2024-09-05 12:20:49,2024-09-05 12:21:35,39637426,,"2024-02","Metasequoia glyptostroboides (dawn-redwood)",,,,,,,,,,"CC1024*01",,,,,,,,0,0,2024-09-04,
80,2024-09-05 12:21:39,2024-09-05 12:22:23,39637426,,"2024-02","Metasequoia glyptostroboides (dawn-redwood)",,,,,,,,,,"20080508*01",,,,,,,,0,0,2024-09-04,
81,2024-09-05 12:22:26,2024-09-05 12:23:05,39637426,,"2024-02","Platanus occidentalis (sycamore)",,,,,,,,,,,,,"CC4672*01",,,,,0,0,2024-09-04,
82,2024-09-05 12:23:09,2024-09-05 12:23:55,39637426,,"2024-02","Acer saccharinum (silver maple)",,"CC6369*01",,,,,,,,,,,,,,,,0,0,2024-09-04,
83,2024-09-05 12:22:29,2024-09-05 12:24:03,99078518,,"2024-02","Acer rubrum (red maple)","CC1719*01",,,,,,,,,,,,,,,,,0,0,2024-09-04,
84,2024-09-05 12:23:59,2024-09-05 12:24:33,39637426,,"2024-02","Cornus florida (eastern flowering dogwood)",,,,,"CC1402*01",,,,,,,,,,,,,0,0,2024-09-04,
85,2024-09-05 12:24:15,2024-09-05 12:25:19,99078518,,"2024-02","Acer saccharinum (silver maple)",,"CC1729*01",,,,,,,,,,,,,,,,0,0,2024-09-04,
86,2024-09-05 12:47:29,2024-09-05 12:51:35,22716102,,"2024-01","Quercus rubra (red oak)",,,,,,,,,,,,,,,,"CC7306*01",,0,0,2024-09-05,
87,2024-09-05 12:51:41,2024-09-05 12:53:27,22716102,,"2024-01","Ulmus americana (American elm)",,,,,,,,,,,,,,,,,"CC5459*03",2,2,2024-09-05,
88,2024-09-05 12:58:44,2024-09-05 13:00:11,14149028,,"2024-01","Metasequoia glyptostroboides (dawn-redwood)",,,,,,,,,,"CC4184*01",,,,,,,,0,0,2024-09-05,
89,2024-09-05 13:00:22,2024-09-05 13:01:23,14149028,,"2024-01","Cercis canadensis (eastern redbud)",,,,"CC8324*01",,,,,,,,,,,,,,0,0,2024-09-05,
90,2024-09-05 13:42:37,2024-09-05 13:48:26,89161566,,"2024-02","Acer saccharinum (silver maple)",,"CC5989*01",,,,,,,,,,,,,,,,0,0,2024-09-05,
91,2024-09-05 13:50:27,2024-09-05 13:51:51,16088448,,"2024-01","Acer rubrum (red maple)","CC8185*03",,,,,,,,,,,,,,,,,5,5,2024-09-04,
92,2024-09-05 13:48:32,2024-09-05 13:52:43,89161566,,"2024-02","Cercis canadensis (eastern redbud)",,,,"20210339*01",,,,,,,,,,,,,,0,0,2024-09-05,"The trunk is Split in 4, the leave density is causing a bend in the branches."
93,2024-09-05 13:51:54,2024-09-05 13:53:14,16088448,,"2024-01","Cornus florida (eastern flowering dogwood)",,,,,"CC7298*02",,,,,,,,,,,,,40,40,2024-09-05,
94,2024-09-05 13:54:57,2024-09-05 13:57:21,80410122,,"2024-01","Gymnocladus dioicius (Kentucky coffee-tree)",,,,,,,,"NN0272*01",,,,,,,,,,0,0,2024-09-05,
95,2024-09-05 13:57:24,2024-09-05 13:58:21,80410122,,"2024-01","Acer saccharinum (silver maple)",,"CC9722*01",,,,,,,,,,,,,,,,0,0,2024-09-05,
96,2024-09-05 13:18:05,2024-09-05 14:04:29,53019041,,"2024-02","Acer saccharinum (silver maple)",,"CC6826*01",,,,,,,,,,,,,,,,0,0,2024-09-05,
97,2024-09-05 14:08:36,2024-09-05 14:08:59,53019041,,"2024-02","Ostrya virginiana (American hop hornbeam)",,,,,,,,,,,"20110263*01",,,,,,,0,0,2024-09-05,
98,2024-09-05 14:13:51,2024-09-05 14:14:49,33394057,,"2024-02","Cercis canadensis (eastern redbud)",,,,"CC2203*01",,,,,,,,,,,,,,0,0,2024-09-05,
99,2024-09-05 14:14:53,2024-09-05 14:16:40,33394057,,"2024-02","Cornus florida (eastern flowering dogwood)",,,,,"CC2202*01",,,,,,,,,,,,,55,55,2024-09-05,
100,2024-09-05 14:18:34,2024-09-05 14:24:17,77211117,,"2024-05","Quercus rubra (red oak)",,,,,,,,,,,,,,,,"94N379*07",,0,0,2024-09-04,
101,2024-09-05 14:23:48,2024-09-05 14:25:54,35853627,,"2024-02","Fagus grandifolia (American beech)",,,,,,"CC1623*01",,,,,,,,,,,,5,5,2024-09-05,
102,2024-09-05 14:26:12,2024-09-05 14:28:55,35853627,,"2024-02","Cercis canadensis (eastern redbud)",,,,"CC1628*01",,,,,,,,,,,,,,10,10,2024-09-05,
103,2024-09-05 14:24:49,2024-09-05 14:30:32,77211117,,"2024-05","Acer rubrum (red maple)","20100048*09",,,,,,,,,,,,,,,,,0,0,2024-09-04,
104,2024-09-05 14:35:44,2024-09-05 14:38:39,73544054,,"2024-02","Ulmus americana (American elm)",,,,,,,,,,,,,,,,,"CC5459*02",0,0,2024-09-04,
105,2024-09-05 14:38:43,2024-09-05 14:39:44,73544054,,"2024-02","Ostrya virginiana (American hop hornbeam)",,,,,,,,,,,"CC9244*01",,,,,,,0,0,2024-09-04,
106,2024-09-05 14:53:27,2024-09-05 14:56:35,73180601,,"2024-05","Liriodendron tulipifera (tulip tree)",,,,,,,,,"CC0901*01",,,,,,,,,0,0,2024-09-03,
107,2024-09-05 14:56:39,2024-09-05 14:57:44,73180601,,"2024-05","Ostrya virginiana (American hop hornbeam)",,,,,,,,,,,"20070191*02",,,,,,,0,0,2024-09-04,
108,2024-09-05 14:56:19,2024-09-05 14:58:05,44788640,,"2024-02","Quercus macrocarpa (bur oak)",,,,,,,,,,,,,,,"20050339*04",,,0,0,2024-09-05,"N/A"
109,2024-09-05 14:10:17,2024-09-05 15:06:58,61693112,,"2024-01","Acer saccharum (sugar maple)",,,"CC6530*01",,,,,,,,,,,,,,,0,0,2024-09-05,"A tree limb at the top appears to be taken off by some outside force."
110,2024-09-05 15:10:40,2024-09-05 15:12:46,15946941,,"2024-05","Ostrya virginiana (American hop hornbeam)",,,,,,,,,,,"CC1648*01",,,,,,,10,10,2024-09-05,
111,2024-09-05 12:58:14,2024-09-05 15:13:47,76681821,,"2024-02","Quercus alba (white oak)",,,,,,,,,,,,,,"CC4955*01",,,,0,0,2024-09-05,"N/A"
112,2024-09-05 15:12:50,2024-09-05 15:13:57,15946941,,"2024-05","Ostrya virginiana (American hop hornbeam)",,,,,,,,,,,"CC9244*01",,,,,,,0,0,2024-09-05,
113,2024-09-05 15:14:29,2024-09-05 15:18:23,76681821,,"2024-02","Ostrya virginiana (American hop hornbeam)",,,,,,,,,,,"20070191*01",,,,,,,5,5,2024-09-05,"N/A"
114,2024-09-05 15:16:18,2024-09-05 15:19:10,26373491,,"2024-05","Ostrya virginiana (American hop hornbeam)",,,,,,,,,,,"20070191*01",,,,,,,0,0,2024-09-04,
115,2024-09-05 15:15:47,2024-09-05 15:19:36,61693112,,"2024-01","Quercus macrocarpa (bur oak)",,,,,,,,,,,,,,,"CC6861*01",,,0,0,2024-09-05,"I added two files for the form submission, one of them is the picture of the tree and the other is a picture of the screw that is in the tree but is lacking a tag. I checked the map resource on D2L and it is the tree by wells hall and the international center."
116,2024-09-05 15:19:15,2024-09-05 15:20:00,26373491,,"2024-05","Ostrya virginiana (American hop hornbeam)",,,,,,,,,,,"20090257*02",,,,,,,0,0,2024-09-04,
117,2024-09-05 15:28:03,2024-09-05 15:30:07,62848685,,"2024-01","Acer saccharinum (silver maple)",,"CC9722*01",,,,,,,,,,,,,,,,0,0,2024-09-04,
118,2024-09-05 15:30:14,2024-09-05 15:38:05,62848685,,"2024-01","Ulmus americana (American elm)",,,,,,,,,,,,,,,,,"CC5425*06",5,5,2024-09-04,
119,2024-09-05 15:28:57,2024-09-05 15:57:05,83344759,,"2024-02","Quercus rubra (red oak)",,,,,,,,,,,,,,,,"NN0748*01",,0,0,2024-09-04,
120,2024-09-05 15:57:11,2024-09-05 15:57:46,83344759,,"2024-02","Quercus rubra (red oak)",,,,,,,,,,,,,,,,"NN0749*01",,0,0,2024-09-04,
121,2024-09-05 16:07:09,2024-09-05 16:09:40,44574476,,"2024-02","Quercus rubra (red oak)",,,,,,,,,,,,,,,,"NN0749*01",,0,0,2024-09-04,
122,2024-09-05 16:09:51,2024-09-05 16:10:59,44574476,,"2024-02","Acer rubrum (red maple)","20100048*09",,,,,,,,,,,,,,,,,2,2,2024-09-04,
123,2024-09-05 16:19:47,2024-09-05 16:26:22,19960927,,"2024-02","Cornus florida (eastern flowering dogwood)",,,,,"20160323*01",,,,,,,,,,,,,20,20,2024-09-05,"N/A"
124,2024-09-05 16:26:27,2024-09-05 16:29:48,19960927,,"2024-02","Quercus alba (white oak)",,,,,,,,,,,,,,"CC0253*01",,,,0,0,2024-09-05,
125,2024-09-05 16:35:54,2024-09-05 16:38:54,27520133,,"2024-02","Quercus rubra (red oak)",,,,,,,,,,,,,,,,"CC4944*01",,0,0,2024-09-04,
126,2024-09-05 16:38:59,2024-09-05 16:40:20,27520133,,"2024-02","Quercus macrocarpa (bur oak)",,,,,,,,,,,,,,,"CC6861*01",,,0,0,2024-09-04,
127,2024-09-05 16:53:53,2024-09-05 16:55:37,76750647,,"2024-02","Metasequoia glyptostroboides (dawn-redwood)",,,,,,,,,,"20000146*03",,,,,,,,0,0,2024-09-05,
128,2024-09-05 16:55:46,2024-09-05 16:56:41,76750647,,"2024-02","Liriodendron tulipifera (tulip tree)",,,,,,,,,"20120053*01",,,,,,,,,1,1,2024-09-05,
129,2024-09-05 16:59:19,2024-09-05 17:01:35,57370403,,"2024-01","Quercus macrocarpa (bur oak)",,,,,,,,,,,,,,,"20090214*02",,,0,0,2024-09-05,
130,2024-09-05 17:01:50,2024-09-05 17:03:03,57370403,,"2024-01","Liriodendron tulipifera (tulip tree)",,,,,,,,,"20090169*06",,,,,,,,,0,0,2024-09-05,
131,2024-09-05 17:16:57,2024-09-05 17:19:22,17293514,,"2024-02","Fagus grandifolia (American beech)",,,,,,"20130268*01",,,,,,,,,,,,0,0,2024-09-05,
132,2024-09-05 17:19:29,2024-09-05 17:20:10,17293514,,"2024-02","Fagus grandifolia (American beech)",,,,,,"20070154*04",,,,,,,,,,,,0,0,2024-09-05,
133,2024-09-05 17:25:41,2024-09-05 17:28:22,50880779,,"2024-01","Acer saccharinum (silver maple)",,"CC9722*01",,,,,,,,,,,,,,,,0,0,2024-09-04,
134,2024-09-05 17:28:32,2024-09-05 17:29:51,50880779,,"2024-01","Liriodendron tulipifera (tulip tree)",,,,,,,,,"20090169*06",,,,,,,,,0,0,2024-09-04,
135,2024-09-05 17:53:45,2024-09-05 18:01:37,74042103,,"2024-02","Acer saccharum (sugar maple)",,,"CC5899*02",,,,,,,,,,,,,,,0,0,2024-09-04,
136,2024-09-05 18:01:40,2024-09-05 18:02:39,74042103,,"2024-02","Acer rubrum (red maple)","CC6341*01",,,,,,,,,,,,,,,,,0,0,2024-09-05,
137,2024-09-05 18:16:01,2024-09-05 18:30:02,76892263,,"2024-01","Cercis canadensis (eastern redbud)",,,,"CC1628*01",,,,,,,,,,,,,,0,0,2024-09-04,
138,2024-09-05 15:09:07,2024-09-05 18:30:14,51476864,,"2024-02","Pinus strobus (eastern white pine)",,,,,,,,,,,,"CC5067*02",,,,,,0,0,2024-09-05,
139,2024-09-05 18:31:12,2024-09-05 18:32:51,76892263,,"2024-01","Quercus alba (white oak)",,,,,,,,,,,,,,"CC6651*01",,,,0,0,2024-09-04,
140,2024-09-05 18:52:22,2024-09-05 18:54:40,16044984,,"2024-05","Ulmus americana (American elm)",,,,,,,,,,,,,,,,,"CC4653*01",0,0,2024-09-05,"Tree is full of leaves and fully green"
141,2024-09-05 18:54:46,2024-09-05 18:55:25,16044984,,"2024-05","Ulmus americana (American elm)",,,,,,,,,,,,,,,,,"CC4656*01",0,0,2024-09-05,"Tree is fully green"
142,2024-09-05 19:01:42,2024-09-05 19:04:23,10339598,,"2024-01","Liriodendron tulipifera (tulip tree)",,,,,,,,,"20120053*01",,,,,,,,,5,5,2024-09-04,
143,2024-09-05 19:04:27,2024-09-05 19:05:37,10339598,,"2024-01","Quercus macrocarpa (bur oak)",,,,,,,,,,,,,,,"CC6602*02",,,0,0,2024-09-04,
144,2024-09-05 19:06:07,2024-09-05 19:07:02,10339598,,"2024-01","Liriodendron tulipifera (tulip tree)",,,,,,,,,"20120053*01",,,,,,,,,5,5,2024-09-04,
145,2024-09-05 19:25:38,2024-09-05 19:28:06,54700118,,"2024-01","Acer rubrum (red maple)","CC2943*03",,,,,,,,,,,,,,,,,1,1,2024-09-05,"N/A"
146,2024-09-05 19:28:11,2024-09-05 19:30:24,54700118,,"2024-01","Cercis canadensis (eastern redbud)",,,,"CC6021*01",,,,,,,,,,,,,,1,1,2024-09-05,"N/a"
147,2024-09-05 19:41:50,2024-09-05 19:46:16,38854402,,"2024-01","Metasequoia glyptostroboides (dawn-redwood)",,,,,,,,,,"20080508*01",,,,,,,,0,0,2024-09-05,"No comment about tree."
148,2024-09-05 19:46:20,2024-09-05 19:47:06,38854402,,"2024-01","Quercus rubra (red oak)",,,,,,,,,,,,,,,,"20080059*14",,0,0,2024-09-05,"No comments about tree."
149,2024-09-05 19:53:28,2024-09-05 19:57:11,11474872,,"2024-01","Quercus alba (white oak)",,,,,,,,,,,,,,"CC6390*01",,,,0,0,2024-09-04,"N/A"
150,2024-09-05 19:58:23,2024-09-05 20:00:15,11474872,,"2024-01","Fagus grandifolia (American beech)",,,,,,"CC6260*01",,,,,,,,,,,,0,0,2024-09-04,"N/A"
151,2024-09-05 20:41:01,2024-09-05 20:45:53,66853131,,"2024-01","Quercus rubra (red oak)",,,,,,,,,,,,,,,,"NN0748*01",,5,5,2024-09-04,
152,2024-09-05 21:12:13,2024-09-05 21:17:17,65289544,,"2024-01","Acer rubrum (red maple)","CC8185*03",,,,,,,,,,,,,,,,,3,3,2024-09-04,
153,2024-09-05 21:17:24,2024-09-05 21:19:48,65289544,,"2024-01","Quercus macrocarpa (bur oak)",,,,,,,,,,,,,,,"20050012*02",,,0,0,2024-09-04,
154,2024-09-05 21:49:51,2024-09-05 21:57:35,85506104,,"2024-02","Acer saccharinum (silver maple)",,"CC6369*01",,,,,,,,,,,,,,,,0,0,2024-09-05,
155,2024-09-05 18:30:24,2024-09-05 22:01:22,51476864,,"2024-02","Platanus occidentalis (sycamore)",,,,,,,,,,,,,"CC0402*01",,,,,2,2,2024-09-05,
156,2024-09-05 21:57:49,2024-09-05 22:02:55,85506104,,"2024-02","Liriodendron tulipifera (tulip tree)",,,,,,,,,"20230040*01",,,,,,,,,0,0,2024-09-05,
157,2024-09-05 22:30:06,2024-09-05 22:33:43,64335325,,"2024-05","Pinus strobus (eastern white pine)",,,,,,,,,,,,"98P136*01",,,,,,0,0,2024-09-05,"No comments"
158,2024-09-05 22:46:17,2024-09-05 22:47:39,46195599,,"2024-01","Gymnocladus dioicius (Kentucky coffee-tree)",,,,,,,,"CC0389*01",,,,,,,,,,0,0,2024-09-05,
159,2024-09-05 22:47:48,2024-09-05 22:49:37,46195599,,"2024-01","Liriodendron tulipifera (tulip tree)",,,,,,,,,"20090398*07",,,,,,,,,14,14,2024-09-05,
160,2024-09-06 01:31:39,2024-09-06 01:32:59,53223615,,"2024-01","Cercis canadensis (eastern redbud)",,,,"CC1628*01",,,,,,,,,,,,,,0,0,2024-09-05,
161,2024-09-05 23:19:07,2024-09-06 01:35:39,53223615,,"2024-01","Platanus occidentalis (sycamore)",,,,,,,,,,,,,"CC6645*01",,,,,0,0,2024-09-05,"I accidentally put the wrong image for cercis canadensis."
162,2024-09-06 01:35:53,2024-09-06 01:36:43,53223615,,"2024-01","Cercis canadensis (eastern redbud)",,,,"CC1628*01",,,,,,,,,,,,,,0,0,2024-09-05,
163,2024-09-06 01:59:13,2024-09-06 02:00:27,79486292,,"2024-01","Ostrya virginiana (American hop hornbeam)",,,,,,,,,,,"20070191*02",,,,,,,0,0,2024-09-04,
164,2024-09-06 02:00:31,2024-09-06 02:01:36,79486292,,"2024-01","Ostrya virginiana (American hop hornbeam)",,,,,,,,,,,"20070191*03",,,,,,,0,0,2024-09-04,
165,2024-09-06 02:01:42,2024-09-06 02:02:28,79486292,,"2024-01","Ostrya virginiana (American hop hornbeam)",,,,,,,,,,,"20070191*02",,,,,,,0,0,2024-09-04,
166,2024-09-06 07:37:23,2024-09-06 07:40:08,81341058,,"2024-01","Acer rubrum (red maple)","CC2943*01",,,,,,,,,,,,,,,,,0,0,2024-09-06,
167,2024-09-06 07:40:45,2024-09-06 07:42:01,81341058,,"2024-01","Cornus florida (eastern flowering dogwood)",,,,,"CC2938*01",,,,,,,,,,,,,5,5,2024-09-06,
168,2024-09-06 09:47:12,2024-09-06 09:58:00,92916098,,"2024-01","Cercis canadensis (eastern redbud)",,,,"CC2925*01",,,,,,,,,,,,,,0,0,2024-09-04,
169,2024-09-06 09:58:04,2024-09-06 09:59:28,92916098,,"2024-01","Cornus florida (eastern flowering dogwood)",,,,,"CC2938*01",,,,,,,,,,,,,25,25,2024-09-04,
170,2024-09-06 11:00:23,2024-09-06 11:03:51,18336234,,"2024-02","Acer rubrum (red maple)","CC2943*01",,,,,,,,,,,,,,,,,3,3,2024-09-05,
171,2024-09-06 11:03:54,2024-09-06 11:04:51,18336234,,"2024-02","Acer rubrum (red maple)","CC2943*02",,,,,,,,,,,,,,,,,1,1,2024-09-05,
172,2024-09-06 11:04:42,2024-09-06 11:07:30,48358053,,"2024-05","Gymnocladus dioicius (Kentucky coffee-tree)",,,,,,,,"NN0275*01",,,,,,,,,,0,0,2024-09-05,
173,2024-09-06 11:07:40,2024-09-06 11:09:35,48358053,,"2024-05","Fagus grandifolia (American beech)",,,,,,"CC1623*01",,,,,,,,,,,,5,5,2024-09-05,
174,2024-09-06 00:36:00,2024-09-06 11:25:16,16988852,,"2024-01","Pinus strobus (eastern white pine)",,,,,,,,,,,,"CC5067*02",,,,,,0,0,2024-09-06,
175,2024-09-06 11:25:26,2024-09-06 11:26:04,16988852,,"2024-01","Pinus strobus (eastern white pine)",,,,,,,,,,,,"CC5067*01",,,,,,0,0,2024-09-06,
176,2024-09-06 11:31:09,2024-09-06 11:46:05,84548045,,"2024-02","Fagus grandifolia (American beech)",,,,,,"CC1245*01",,,,,,,,,,,,0,0,2024-09-05,"There are plenty of leafless branches on the ground around the tree, dead relatively small-medium sized branches."
177,2024-09-06 11:43:14,2024-09-06 11:49:27,19058827,,"2024-02","Acer saccharinum (silver maple)",,"CC6826*01",,,,,,,,,,,,,,,,5,5,2024-09-06,
178,2024-09-06 11:49:32,2024-09-06 11:50:33,19058827,,"2024-02","Cercis canadensis (eastern redbud)",,,,"CC2203*01",,,,,,,,,,,,,,0,0,2024-09-06,
179,2024-09-06 11:46:18,2024-09-06 11:50:37,84548045,,"2024-02","Quercus rubra (red oak)",,,,,,,,,,,,,,,,"91P205*01",,20,20,2024-09-05,
180,2024-09-06 11:47:10,2024-09-06 11:52:46,19104893,,"2024-02","Liriodendron tulipifera (tulip tree)",,,,,,,,,"20120053*01",,,,,,,,,5,5,2024-09-05,
181,2024-09-06 11:52:51,2024-09-06 11:55:35,19104893,,"2024-02","Ostrya virginiana (American hop hornbeam)",,,,,,,,,,,"CC1648*01",,,,,,,20,20,2024-09-05,"The trunk of the tree is severely damaged. If a bad enough storm comes in during the school year it might break off entirely."
182,2024-09-06 11:49:20,2024-09-06 11:55:47,55824186,,"2024-01","Cercis canadensis (eastern redbud)",,,,"CC1628*01",,,,,,,,,,,,,,0,0,2024-09-06,"i think i took a picture of the wrong tree, its the small one underneath the two big ones"
183,2024-09-06 11:55:52,2024-09-06 11:56:44,55824186,,"2024-01","Quercus alba (white oak)",,,,,,,,,,,,,,"CC6651*01",,,,0,0,2024-09-06,
184,2024-09-06 12:18:50,2024-09-06 12:21:22,48570115,,"2024-02","Ulmus americana (American elm)",,,,,,,,,,,,,,,,,"CC5425*16",0,0,2024-09-06,
185,2024-09-06 12:30:32,2024-09-06 12:32:03,48570115,,"2024-02","Ostrya virginiana (American hop hornbeam)",,,,,,,,,,,"20090257*04",,,,,,,0,0,2024-09-06,
186,2024-09-06 12:49:31,2024-09-06 12:52:43,18701704,,"2024-02","Quercus rubra (red oak)",,,,,,,,,,,,,,,,"94N379*17",,0,0,2024-09-06,
187,2024-09-06 12:54:12,2024-09-06 12:55:39,31444975,,"2024-02","Acer saccharum (sugar maple)",,,"CC6527*01",,,,,,,,,,,,,,,0,0,2024-09-04,"NA"
188,2024-09-06 12:47:31,2024-09-06 12:55:49,13470349,,"2024-01","Acer rubrum (red maple)","CC6250*01",,,,,,,,,,,,,,,,,0,0,2024-09-05,
189,2024-09-06 12:55:46,2024-09-06 12:56:31,31444975,,"2024-02","Acer saccharum (sugar maple)",,,"CC4423*01",,,,,,,,,,,,,,,0,0,2024-09-04,"NA"
190,2024-09-06 12:56:04,2024-09-06 12:57:01,13470349,,"2024-01","Acer rubrum (red maple)","CC6281*02",,,,,,,,,,,,,,,,,0,0,2024-09-05,
191,2024-09-06 13:09:25,2024-09-06 13:14:06,20035018,,"2024-01","Gymnocladus dioicius (Kentucky coffee-tree)",,,,,,,,"CC2534*01",,,,,,,,,,0,0,2024-09-04,
192,2024-09-06 13:14:10,2024-09-06 13:15:08,20035018,,"2024-01","Quercus rubra (red oak)",,,,,,,,,,,,,,,,"94N379*07",,0,0,2024-09-04,
193,2024-09-06 13:52:22,2024-09-06 13:54:19,71848180,,"2024-05","Acer rubrum (red maple)","20100048*07",,,,,,,,,,,,,,,,,15,15,2024-09-06,
194,2024-09-06 13:54:24,2024-09-06 13:55:11,71848180,,"2024-05","Quercus rubra (red oak)",,,,,,,,,,,,,,,,"94N379*17",,0,0,2024-09-06,
195,2024-09-06 14:20:16,2024-09-06 14:23:46,77771206,,"2024-01","Cercis canadensis (eastern redbud)",,,,"20230403*01",,,,,,,,,,,,,,1,1,2024-09-06,
196,2024-09-06 14:23:54,2024-09-06 14:24:55,77771206,,"2024-01","Cercis canadensis (eastern redbud)",,,,"20230403*02",,,,,,,,,,,,,,0,0,2024-09-06,
197,2024-09-06 14:22:21,2024-09-06 14:26:23,81940621,,"2024-02","Gymnocladus dioicius (Kentucky coffee-tree)",,,,,,,,"NN0275*01",,,,,,,,,,0,0,2024-09-06,
198,2024-09-06 14:24:32,2024-09-06 14:26:27,97499609,,"2024-02","Ostrya virginiana (American hop hornbeam)",,,,,,,,,,,"20070191*01",,,,,,,10,10,2024-09-06,
199,2024-09-06 14:26:41,2024-09-06 14:27:27,97499609,,"2024-02","Liriodendron tulipifera (tulip tree)",,,,,,,,,"20120053*03",,,,,,,,,0,0,2024-09-06,
200,2024-09-06 14:26:30,2024-09-06 14:28:54,81940621,,"2024-02","Quercus alba (white oak)",,,,,,,,,,,,,,"CC6631*01",,,,5,5,2024-09-06,
201,2024-09-06 14:35:51,2024-09-06 14:42:39,16378809,,"2024-02","Quercus alba (white oak)",,,,,,,,,,,,,,"CC4955*03",,,,0,0,2024-09-03,
202,2024-09-06 14:42:47,2024-09-06 14:45:59,16378809,,"2024-02","Cornus florida (eastern flowering dogwood)",,,,,"CC1720*01",,,,,,,,,,,,,5,5,2024-09-03,
203,2024-09-06 14:53:49,2024-09-06 14:55:43,46514186,,"2024-02","Cornus florida (eastern flowering dogwood)",,,,,"CC6272*01",,,,,,,,,,,,,1,1,2024-09-06,
204,2024-09-06 15:04:11,2024-09-06 15:07:02,18701704,,"2024-02","Ostrya virginiana (American hop hornbeam)",,,,,,,,,,,"20070191*04",,,,,,,5,5,2024-09-06,
205,2024-09-06 15:08:20,2024-09-06 15:10:34,60236145,,"2024-01","Cornus florida (eastern flowering dogwood)",,,,,"CC1720*01",,,,,,,,,,,,,35,35,2024-09-06,"n/a"
206,2024-09-06 15:11:12,2024-09-06 15:12:29,60236145,,"2024-01","Cornus florida (eastern flowering dogwood)",,,,,"CC1720*02",,,,,,,,,,,,,0,0,2024-09-06,"n/a"
207,2024-09-06 14:56:17,2024-09-06 15:16:28,46514186,,"2024-02","Ulmus americana (American elm)",,,,,,,,,,,,,,,,,"CC6283*01",3,3,2024-09-06,
208,2024-09-06 15:20:39,2024-09-06 15:21:58,98994055,,"2024-01","Acer saccharum (sugar maple)",,,"CC6259*01",,,,,,,,,,,,,,,0,0,2024-09-06,
209,2024-09-06 15:22:04,2024-09-06 15:22:58,98994055,,"2024-01","Acer saccharum (sugar maple)",,,"CC6259*02",,,,,,,,,,,,,,,0,0,2024-09-06,
210,2024-09-06 15:25:00,2024-09-06 15:26:38,76481270,,"2024-01","Acer saccharinum (silver maple)",,"CC0007*01",,,,,,,,,,,,,,,,0,0,2024-09-06,
211,2024-09-06 15:26:42,2024-09-06 15:27:26,76481270,,"2024-01","Cercis canadensis (eastern redbud)",,,,"CC0179*01",,,,,,,,,,,,,,0,0,2024-09-06,
212,2024-09-06 15:26:40,2024-09-06 15:28:50,60540353,,"2024-01","Cornus florida (eastern flowering dogwood)",,,,,"CC1720*01",,,,,,,,,,,,,20,20,2024-09-06,
213,2024-09-06 15:29:00,2024-09-06 15:29:49,60540353,,"2024-01","Cornus florida (eastern flowering dogwood)",,,,,"CC1720*02",,,,,,,,,,,,,70,70,2024-09-06,
214,2024-09-06 16:47:14,2024-09-06 16:51:33,85159147,,"2024-02","Metasequoia glyptostroboides (dawn-redwood)",,,,,,,,,,"CC3963*01",,,,,,,,0,0,2024-09-04,
215,2024-09-06 16:51:53,2024-09-06 16:52:54,85159147,,"2024-02","Cercis canadensis (eastern redbud)",,,,"CC8324*01",,,,,,,,,,,,,,0,0,2024-09-04,
216,2024-09-06 16:55:33,2024-09-06 16:59:14,59512465,,"2024-02","Gymnocladus dioicius (Kentucky coffee-tree)",,,,,,,,"20040568*01",,,,,,,,,,0,0,2024-09-06,
217,2024-09-06 16:59:18,2024-09-06 17:00:18,59512465,,"2024-02","Platanus occidentalis (sycamore)",,,,,,,,,,,,,"CC1666*01",,,,,0,0,2024-09-06,
218,2024-09-06 17:01:43,2024-09-06 17:03:51,72878777,,"2024-02","Cornus florida (eastern flowering dogwood)",,,,,"CC2202*01",,,,,,,,,,,,,75,75,2024-09-06,"N/A"
219,2024-09-06 17:01:37,2024-09-06 17:04:43,49160083,,"2024-01","Quercus alba (white oak)",,,,,,,,,,,,,,"CC1059*01",,,,5,5,2024-09-06,
220,2024-09-06 17:04:02,2024-09-06 17:05:04,72878777,,"2024-02","Ostrya virginiana (American hop hornbeam)",,,,,,,,,,,"20090303*04",,,,,,,0,0,2024-09-06,"N/A"
221,2024-09-06 17:04:52,2024-09-06 17:05:58,49160083,,"2024-01","Quercus alba (white oak)",,,,,,,,,,,,,,"CC4326*01",,,,0,0,2024-09-06,
222,2024-09-06 17:15:49,2024-09-06 17:18:44,83827176,,"2024-02","Cornus florida (eastern flowering dogwood)",,,,,"CC1741*01",,,,,,,,,,,,,0,0,2024-09-05,"N/A"
223,2024-09-06 17:18:52,2024-09-06 17:19:53,83827176,,"2024-02","Acer saccharinum (silver maple)",,"CC5989*01",,,,,,,,,,,,,,,,0,0,2024-09-05,"N/A"
224,2024-09-06 17:23:43,2024-09-06 17:28:02,53596242,,"2024-01","Ostrya virginiana (American hop hornbeam)",,,,,,,,,,,"20090257*03",,,,,,,2,2,2024-09-05,
225,2024-09-06 17:22:54,2024-09-06 17:29:41,53596242,,"2024-01","Ostrya virginiana (American hop hornbeam)",,,,,,,,,,,"20090257*04",,,,,,,0,0,2024-09-05,
226,2024-09-06 17:59:15,2024-09-06 18:03:02,76490947,,"2024-02","Acer saccharinum (silver maple)",,"CC9673*01",,,,,,,,,,,,,,,,0,0,2024-09-06,
227,2024-09-06 18:03:06,2024-09-06 18:04:27,76490947,,"2024-02","Cornus florida (eastern flowering dogwood)",,,,,"CC0549*01",,,,,,,,,,,,,78,78,2024-09-06,
228,2024-09-06 18:25:14,2024-09-06 18:28:12,13182478,,"2024-05","Ulmus americana (American elm)",,,,,,,,,,,,,,,,,"CC6943*01",0,0,2024-09-06,"Re-uploading for my second tree because I accidentally recorded the wrong tree."
229,2024-09-06 18:31:00,2024-09-06 18:32:42,81904528,,"2024-02","Acer rubrum (red maple)","CC2943*02",,,,,,,,,,,,,,,,,0,0,2024-09-06,
230,2024-09-06 18:32:49,2024-09-06 18:34:01,81904528,,"2024-02","Cercis canadensis (eastern redbud)",,,,"CC2925*01",,,,,,,,,,,,,,0,0,2024-09-06,
231,2024-09-06 19:57:15,2024-09-06 20:01:21,96418168,,"2024-01","Cornus florida (eastern flowering dogwood)",,,,,"CC0549*01",,,,,,,,,,,,,0,0,2024-09-05,
232,2024-09-06 20:01:24,2024-09-06 20:04:38,96418168,,"2024-01","Acer saccharinum (silver maple)",,"CC5989*01",,,,,,,,,,,,,,,,0,0,2024-09-05,
233,2024-09-06 20:00:45,2024-09-06 20:05:06,19801852,,"2024-02","Cornus florida (eastern flowering dogwood)",,,,,"CC0959*01",,,,,,,,,,,,,25,25,2024-09-06,
234,2024-09-06 20:05:42,2024-09-06 20:06:54,19801852,,"2024-02","Liriodendron tulipifera (tulip tree)",,,,,,,,,"20150640*06",,,,,,,,,0,0,2024-09-06,
235,2024-09-06 20:07:18,2024-09-06 20:10:51,29015644,,"2024-02","Quercus rubra (red oak)",,,,,,,,,,,,,,,,"20090665*02",,10,10,2024-09-06,
236,2024-09-06 20:20:23,2024-09-06 20:22:17,12781630,,"2024-05","Quercus alba (white oak)",,,,,,,,,,,,,,"CC4955*01",,,,0,0,2024-09-05,
237,2024-09-06 20:36:54,2024-09-06 20:39:41,16523198,,"2024-02","Quercus alba (white oak)",,,,,,,,,,,,,,"CC4955*01",,,,0,0,2024-09-04,
238,2024-09-06 20:39:56,2024-09-06 20:40:42,16523198,,"2024-02","Quercus alba (white oak)",,,,,,,,,,,,,,"CC4955*02",,,,0,0,2024-09-04,
239,2024-09-06 20:35:49,2024-09-06 20:40:50,89740681,,"2024-05","Acer saccharum (sugar maple)",,,"CC6259*04",,,,,,,,,,,,,,,2,2,2024-09-04,"N/A"
240,2024-09-06 20:40:59,2024-09-06 20:42:58,89740681,,"2024-05","Acer rubrum (red maple)","CC6250*01",,,,,,,,,,,,,,,,,8,8,2024-09-04,"N/A"
241,2024-09-06 21:09:24,2024-09-06 21:12:08,57602087,,"2024-02","Ostrya virginiana (American hop hornbeam)",,,,,,,,,,,"20070191*03",,,,,,,3,3,2024-09-06,
242,2024-09-06 21:12:24,2024-09-06 21:13:25,57602087,,"2024-02","Ostrya virginiana (American hop hornbeam)",,,,,,,,,,,"20070191*04",,,,,,,10,10,2024-09-06,
243,2024-09-06 22:12:57,2024-09-06 22:16:40,17050873,,"2024-02","Fagus grandifolia (American beech)",,,,,,"CC0182*01",,,,,,,,,,,,0,0,2024-09-06,"N/A"
244,2024-09-06 22:16:52,2024-09-06 22:18:04,17050873,,"2024-02","Metasequoia glyptostroboides (dawn-redwood)",,,,,,,,,,"CC0074*01",,,,,,,,0,0,2024-09-06,"N/A"
245,2024-09-06 22:30:15,2024-09-06 22:35:50,81449946,,"2024-02","Acer saccharinum (silver maple)",,"CC0007*01",,,,,,,,,,,,,,,,1,1,2024-09-06,
246,2024-09-06 22:36:01,2024-09-06 22:37:35,81449946,,"2024-02","Platanus occidentalis (sycamore)",,,,,,,,,,,,,"CC0402*01",,,,,0,0,2024-09-06,
247,2024-09-06 22:46:24,2024-09-06 22:49:14,89718941,,"2024-01","Gymnocladus dioicius (Kentucky coffee-tree)",,,,,,,,"20040568*01",,,,,,,,,,0,0,2024-09-06,"n/a"
248,2024-09-06 22:49:56,2024-09-06 22:51:41,89718941,,"2024-01","Fagus grandifolia (American beech)",,,,,,"CC1245*01",,,,,,,,,,,,0,0,2024-09-06,"n/a"
249,2024-09-06 23:09:09,2024-09-06 23:12:19,25694468,,"2024-02","Pinus strobus (eastern white pine)",,,,,,,,,,,,"CC4611*01",,,,,,0,0,2024-09-06,
250,2024-09-06 23:12:33,2024-09-06 23:14:02,25694468,,"2024-02","Cercis canadensis (eastern redbud)",,,,"90P133*02",,,,,,,,,,,,,,0,0,2024-09-06,
251,2024-09-06 23:28:10,2024-09-06 23:35:48,92031120,,"2024-02","Quercus alba (white oak)",,,,,,,,,,,,,,"CC4955*02",,,,1,1,2024-09-06,
252,2024-09-06 23:36:06,2024-09-06 23:37:20,92031120,,"2024-02","Quercus alba (white oak)",,,,,,,,,,,,,,"CC4955*03",,,,1,1,2024-09-06,
253,2024-09-07 01:43:08,2024-09-07 01:49:45,85681897,,"2024-02","Ostrya virginiana (American hop hornbeam)",,,,,,,,,,,"20090303*01",,,,,,,0,0,2024-09-05,
254,2024-09-07 01:50:13,2024-09-07 01:51:02,85681897,,"2024-02","Ostrya virginiana (American hop hornbeam)",,,,,,,,,,,"20090303*05",,,,,,,2,2,2024-09-05,
255,2024-09-07 08:58:50,2024-09-07 09:02:49,93654353,,"2024-02","Acer saccharum (sugar maple)",,,"CC4331*01",,,,,,,,,,,,,,,5,5,2024-09-05,
256,2024-09-07 09:02:53,2024-09-07 09:04:22,93654353,,"2024-02","Acer saccharum (sugar maple)",,,"CC4331*01",,,,,,,,,,,,,,,0,0,2024-09-05,
257,2024-09-07 09:58:56,2024-09-07 09:59:13,22021587,,"2024-01","Quercus rubra (red oak)",,,,,,,,,,,,,,,,"91P205*01",,0,0,2024-09-04,
258,2024-09-07 09:59:26,2024-09-07 10:00:19,22021587,,"2024-01","Ostrya virginiana (American hop hornbeam)",,,,,,,,,,,"20070191*03",,,,,,,0,0,2024-09-04,
259,2024-09-07 11:52:38,2024-09-07 11:56:09,47098852,,"2024-02","Acer rubrum (red maple)","20100046*08",,,,,,,,,,,,,,,,,2,2,2024-09-06,
260,2024-09-07 11:56:20,2024-09-07 11:57:25,47098852,,"2024-02","Acer rubrum (red maple)","20100048*14",,,,,,,,,,,,,,,,,3,3,2024-09-06,
261,2024-09-07 11:56:52,2024-09-07 11:59:14,91820176,,"2024-05","Liriodendron tulipifera (tulip tree)",,,,,,,,,"20090398*07",,,,,,,,,0,0,2024-09-04,
262,2024-09-07 11:59:22,2024-09-07 12:03:06,91820176,,"2024-05","Metasequoia glyptostroboides (dawn-redwood)",,,,,,,,,,"20080508*03",,,,,,,,0,0,2024-09-04,
263,2024-09-07 12:13:50,2024-09-07 12:28:49,57550384,,"2024-05","Acer rubrum (red maple)","CC6281*02",,,,,,,,,,,,,,,,,0,0,2024-09-07,
264,2024-09-07 12:28:54,2024-09-07 12:30:08,57550384,,"2024-05","Acer saccharum (sugar maple)",,,"CC6394*01",,,,,,,,,,,,,,,1,1,2024-09-07,
265,2024-09-07 12:37:19,2024-09-07 12:41:04,21499776,,"2024-02","Fagus grandifolia (American beech)",,,,,,"CC0255*01",,,,,,,,,,,,0,0,2024-09-04,
266,2024-09-07 12:41:18,2024-09-07 12:42:28,21499776,,"2024-02","Gymnocladus dioicius (Kentucky coffee-tree)",,,,,,,,"CC0389*01",,,,,,,,,,0,0,2024-09-04,
267,2024-09-07 13:37:37,2024-09-07 13:42:25,20443431,,"2024-02","Quercus rubra (red oak)",,,,,,,,,,,,,,,,"20080059*14",,40,40,2024-09-07,
268,2024-09-07 13:42:29,2024-09-07 13:44:11,20443431,,"2024-02","Quercus rubra (red oak)",,,,,,,,,,,,,,,,"20080059*15",,5,5,2024-09-07,
269,2024-09-07 13:57:20,2024-09-07 13:57:26,81960935,,"2024-05","Acer rubrum (red maple)","CC6281*02",,,,,,,,,,,,,,,,,0,0,2024-09-07,
270,2024-09-07 13:57:30,2024-09-07 13:59:34,81960935,,"2024-05","Acer saccharum (sugar maple)",,,"CC6394*01",,,,,,,,,,,,,,,2,2,2024-09-07,
271,2024-09-07 14:36:29,2024-09-07 14:53:18,78013200,,"2024-02","Ostrya virginiana (American hop hornbeam)",,,,,,,,,,,"20070191*02",,,,,,,0,0,2024-09-04,
272,2024-09-07 14:53:32,2024-09-07 14:54:03,78013200,,"2024-02","Ostrya virginiana (American hop hornbeam)",,,,,,,,,,,"20070191*03",,,,,,,0,0,2024-09-04,
273,2024-09-07 15:11:50,2024-09-07 15:14:41,45965967,,"2024-02","Cornus florida (eastern flowering dogwood)",,,,,"CC7298*01",,,,,,,,,,,,,50,50,2024-09-06,
274,2024-09-07 15:14:49,2024-09-07 15:16:41,45965967,,"2024-02","Fagus grandifolia (American beech)",,,,,,"CC0242*01",,,,,,,,,,,,0,0,2024-09-06,
275,2024-09-07 15:23:11,2024-09-07 15:24:37,88279834,,"2024-01","Metasequoia glyptostroboides (dawn-redwood)",,,,,,,,,,"CC4184*01",,,,,,,,0,0,2024-09-06,
276,2024-09-07 15:24:41,2024-09-07 15:25:26,88279834,,"2024-01","Acer saccharum (sugar maple)",,,"CC6530*01",,,,,,,,,,,,,,,0,0,2024-09-06,
277,2024-09-07 15:28:00,2024-09-07 15:33:08,60730984,,"2024-01","Liriodendron tulipifera (tulip tree)",,,,,,,,,"CC0901*01",,,,,,,,,0,0,2024-09-06,"Looks pretty full and healthily green"
278,2024-09-07 15:33:39,2024-09-07 15:35:30,60730984,,"2024-01","Liriodendron tulipifera (tulip tree)",,,,,,,,,"20150640*06",,,,,,,,,0,0,2024-09-06,"Looks full and healthy"
279,2024-09-07 15:45:25,2024-09-07 15:46:25,73535783,,"2024-02","Acer saccharinum (silver maple)",,"CC4536*01",,,,,,,,,,,,,,,,0,0,2024-09-07,"The tree looks normal."
280,2024-09-07 15:46:32,2024-09-07 15:47:40,73535783,,"2024-02","Liriodendron tulipifera (tulip tree)",,,,,,,,,"20150640*06",,,,,,,,,0,0,2024-09-07,"Tree looks fine."
281,2024-09-07 16:02:12,2024-09-07 16:07:28,29333725,,"2024-01","Platanus occidentalis (sycamore)",,,,,,,,,,,,,"CC0402*01",,,,,0,0,2024-09-05,
282,2024-09-07 16:07:43,2024-09-07 16:08:42,29333725,,"2024-01","Cercis canadensis (eastern redbud)",,,,"20030863*02",,,,,,,,,,,,,,0,0,2024-09-05,"There was no tag on any of the trees in the area where the coordinates sent me next to the Kellogg center and parking ramp, this is the tree that was at the coordinates though."
283,2024-09-07 16:11:03,2024-09-07 16:12:17,74252739,,"2024-02","Liriodendron tulipifera (tulip tree)",,,,,,,,,"20090169*06",,,,,,,,,0,0,2024-09-07,
284,2024-09-07 16:12:52,2024-09-07 16:16:51,74252739,,"2024-02","Acer rubrum (red maple)","CC8185*03",,,,,,,,,,,,,,,,,0,0,2024-09-07,
285,2024-09-07 16:22:17,2024-09-07 16:24:10,82387128,,"2024-05","Acer rubrum (red maple)","CC2943*02",,,,,,,,,,,,,,,,,5,5,2024-09-07,"Tree is very tall with good leaf coverage, didn't notice any leafs on the ground yet, but some leafs near the trunk were turning colors."
286,2024-09-07 16:24:37,2024-09-07 16:27:10,82387128,,"2024-05","Metasequoia glyptostroboides (dawn-redwood)",,,,,,,,,,"20000146*03",,,,,,,,0,0,2024-09-07,"Tree is a bit funny looking with some empty branches indicating some leafs falling off but no color change yet."
287,2024-09-07 16:37:27,2024-09-07 16:41:07,67973017,,"2024-02","Cercis canadensis (eastern redbud)",,,,"CC1407*01",,,,,,,,,,,,,,3,3,2024-09-07,"Tree is cut/fell? Major branches are off of the tree and is growing extremely crooked."
288,2024-09-07 16:40:33,2024-09-07 16:42:10,10184548,,"2024-02","Ostrya virginiana (American hop hornbeam)",,,,,,,,,,,"20070191*01",,,,,,,20,20,2024-09-06,
289,2024-09-07 16:41:19,2024-09-07 16:43:08,67973017,,"2024-02","Fagus sylvatica (European beech)",,,,,,,"CC0190*01",,,,,,,,,,,0,0,2024-09-07,"N/A"
290,2024-09-07 16:42:14,2024-09-07 16:43:17,10184548,,"2024-02","Quercus rubra (red oak)",,,,,,,,,,,,,,,,"CC4944*01",,0,0,2024-09-06,
291,2024-09-07 17:00:35,2024-09-07 17:03:22,63277729,,"2024-05","Ulmus americana (American elm)",,,,,,,,,,,,,,,,,"CC6546*02",0,0,2024-09-05,
292,2024-09-07 16:32:17,2024-09-07 17:04:06,77918416,,"2024-02","Quercus macrocarpa (bur oak)",,,,,,,,,,,,,,,"CC4912*01",,,5,5,2024-09-06,"None"
293,2024-09-07 17:11:45,2024-09-07 17:13:09,77918416,,"2024-02","Gymnocladus dioicius (Kentucky coffee-tree)",,,,,,,,"CC4168*01",,,,,,,,,,0,0,2024-09-05,"I had the correct tree and location, but the tree did not have a tag."
294,2024-09-07 18:11:44,2024-09-07 18:13:43,84228729,,"2024-05","Cornus florida (eastern flowering dogwood)",,,,,"CC0549*01",,,,,,,,,,,,,5,5,2024-09-07,
295,2024-09-07 18:13:48,2024-09-07 18:14:39,84228729,,"2024-05","Ostrya virginiana (American hop hornbeam)",,,,,,,,,,,"CC1648*01",,,,,,,1,1,2024-09-07,
296,2024-09-07 18:13:20,2024-09-07 18:21:50,59788334,,"2024-01","Cornus florida (eastern flowering dogwood)",,,,,"CC7298*01",,,,,,,,,,,,,50,50,2024-09-06,
297,2024-09-07 18:21:56,2024-09-07 18:24:23,59788334,,"2024-01","Cornus florida (eastern flowering dogwood)",,,,,"CC7298*02",,,,,,,,,,,,,55,55,2024-09-06,
298,2024-09-07 18:57:58,2024-09-07 19:14:52,13748607,,"2024-02","Liriodendron tulipifera (tulip tree)",,,,,,,,,"20090398*06",,,,,,,,,0,0,2024-09-06,"N/A"
299,2024-09-07 19:14:58,2024-09-07 19:16:15,13748607,,"2024-02","Quercus rubra (red oak)",,,,,,,,,,,,,,,,"CC7306*01",,5,5,2024-09-06,"N/A"
300,2024-09-07 19:31:05,2024-09-07 19:35:00,56599590,,"2024-01","Metasequoia glyptostroboides (dawn-redwood)",,,,,,,,,,"CC0074*01",,,,,,,,0,0,2024-09-05,
301,2024-09-07 19:35:10,2024-09-07 19:36:27,56599590,,"2024-01","Ostrya virginiana (American hop hornbeam)",,,,,,,,,,,"20070191*01",,,,,,,0,0,2024-09-04,
302,2024-09-07 19:38:36,2024-09-07 19:41:24,40548290,,"2024-05","Platanus occidentalis (sycamore)",,,,,,,,,,,,,"CC1666*01",,,,,5,5,2024-09-07,
303,2024-09-07 19:41:29,2024-09-07 19:43:42,40548290,,"2024-05","Ulmus americana (American elm)",,,,,,,,,,,,,,,,,"CC5425*16",0,0,2024-09-07,
304,2024-09-07 19:42:19,2024-09-07 19:44:35,52868080,,"2024-02","Acer rubrum (red maple)","CC2943*02",,,,,,,,,,,,,,,,,0,0,2024-09-07,"Still holding up the summer vibrant green color way."
305,2024-09-07 19:45:31,2024-09-07 19:46:13,52868080,,"2024-02","Acer saccharum (sugar maple)",,,"CC6403*01",,,,,,,,,,,,,,,0,0,2024-09-07,"Vibrant green."
306,2024-09-07 19:46:56,2024-09-07 19:47:58,52868080,,"2024-02","Acer rubrum (red maple)","CC2943*02",,,,,,,,,,,,,,,,,0,0,2024-09-07,"Re-uploading because I couldn't save my response."
307,2024-09-07 19:51:02,2024-09-07 19:53:07,46622778,,"2024-02","Acer rubrum (red maple)","CC1719*02",,,,,,,,,,,,,,,,,0,0,2024-09-07,
308,2024-09-07 19:53:16,2024-09-07 19:54:34,46622778,,"2024-02","Ulmus americana (American elm)",,,,,,,,,,,,,,,,,"CC5425*07",0,0,2024-09-07,
309,2024-09-07 20:22:50,2024-09-07 20:23:26,91002481,,"2024-02","Platanus occidentalis (sycamore)",,,,,,,,,,,,,"CC6645*01",,,,,0,0,2024-09-06,
310,2024-09-07 20:24:20,2024-09-07 20:31:43,91002481,,"2024-02","Quercus alba (white oak)",,,,,,,,,,,,,,"CC6631*01",,,,10,10,2024-09-06,
311,2024-09-07 20:44:15,2024-09-07 20:47:20,10409275,,"2024-02","Cercis canadensis (eastern redbud)",,,,"20030863*02",,,,,,,,,,,,,,0,0,2024-09-07,
312,2024-09-07 20:47:25,2024-09-07 20:48:41,10409275,,"2024-02","Quercus macrocarpa (bur oak)",,,,,,,,,,,,,,,"CC4980*01",,,0,0,2024-09-07,
313,2024-09-07 22:08:44,2024-09-07 22:10:23,70424744,,"2024-02","Cercis canadensis (eastern redbud)",,,,"90P133*01",,,,,,,,,,,,,,0,0,2024-09-07,
314,2024-09-07 22:10:28,2024-09-07 22:16:22,70424744,,"2024-02","Cercis canadensis (eastern redbud)",,,,"20210339*01",,,,,,,,,,,,,,0,0,2024-09-07,"I cannot find my tree this is a tree I took a picture for and of course I have now realized it is not even for this class, it is for the lab. I will go back out tomorrow and find a new tree to take a picture of, however, I cannothing find tree 20210339*01. This tree number does not even show up on the map and the coordinates do not match up where it is placed. Please help."
315,2024-09-07 22:17:10,2024-09-07 22:22:26,60599656,,"2024-02","Ostrya virginiana (American hop hornbeam)",,,,,,,,,,,"20090303*02",,,,,,,0,0,2024-09-07,
316,2024-09-07 22:26:13,2024-09-07 22:28:14,50506447,,"2024-02","Acer saccharinum (silver maple)",,"CC9722*01",,,,,,,,,,,,,,,,0,0,2024-09-07,
317,2024-09-07 22:28:19,2024-09-07 22:30:24,50506447,,"2024-02","Quercus macrocarpa (bur oak)",,,,,,,,,,,,,,,"20050012*02",,,1,1,2024-09-07,
318,2024-09-07 22:27:34,2024-09-07 22:33:56,55491121,,"2024-01","Gymnocladus dioicius (Kentucky coffee-tree)",,,,,,,,"NN0275*01",,,,,,,,,,0,0,2024-09-07,
319,2024-09-07 22:41:17,2024-09-07 22:41:37,55491121,,"2024-01","Platanus occidentalis (sycamore)",,,,,,,,,,,,,"CC6645*01",,,,,0,0,2024-09-07,
320,2024-09-07 22:51:33,2024-09-07 22:53:03,25043449,,"2024-05","Acer rubrum (red maple)","CC1719*01",,,,,,,,,,,,,,,,,1,1,2024-09-07,
321,2024-09-07 22:53:08,2024-09-07 22:54:34,25043449,,"2024-05","Ostrya virginiana (American hop hornbeam)",,,,,,,,,,,"20070191*01",,,,,,,0,0,2024-09-07,
322,2024-09-07 22:51:44,2024-09-07 22:54:34,54445077,,"2024-02","Metasequoia glyptostroboides (dawn-redwood)",,,,,,,,,,"CC0357*01",,,,,,,,0,0,2024-09-07,
323,2024-09-07 22:54:42,2024-09-07 22:55:29,54445077,,"2024-02","Platanus occidentalis (sycamore)",,,,,,,,,,,,,"CC0370*01",,,,,0,0,2024-09-07,
324,2024-09-07 22:53:37,2024-09-07 22:58:13,54180451,,"2024-02","Acer rubrum (red maple)","CC2943*01",,,,,,,,,,,,,,,,,0,0,2024-09-07,
325,2024-09-07 22:58:17,2024-09-07 23:00:59,54180451,,"2024-02","Ostrya virginiana (American hop hornbeam)",,,,,,,,,,,"CC1648*01",,,,,,,0,0,2024-09-07,
326,2024-09-07 23:38:44,2024-09-07 23:39:00,68466056,,"2024-01","Ostrya virginiana (American hop hornbeam)",,,,,,,,,,,"20090303*04",,,,,,,0,0,2024-09-05,
327,2024-09-07 23:39:06,2024-09-07 23:40:36,68466056,,"2024-01","Ulmus americana (American elm)",,,,,,,,,,,,,,,,,"CC4662*01",0,0,2024-09-05,
328,2024-09-07 23:38:53,2024-09-07 23:41:36,93027860,,"2024-01","Gymnocladus dioicius (Kentucky coffee-tree)",,,,,,,,"NN0272*01",,,,,,,,,,0,0,2024-09-06,
329,2024-09-07 23:42:06,2024-09-07 23:43:00,93027860,,"2024-01","Gymnocladus dioicius (Kentucky coffee-tree)",,,,,,,,"NN0273*01",,,,,,,,,,0,0,2024-09-06,
330,2024-09-07 23:45:45,2024-09-07 23:47:16,53042058,,"2024-05","Acer rubrum (red maple)","CC1719*01",,,,,,,,,,,,,,,,,0,0,2024-09-06,
331,2024-09-07 23:47:52,2024-09-07 23:49:14,53042058,,"2024-05","Acer saccharum (sugar maple)",,,"CC1032*01",,,,,,,,,,,,,,,0,0,2024-09-06,
332,2024-09-07 23:30:46,2024-09-07 23:58:58,12206323,,"2024-01","Gymnocladus dioicius (Kentucky coffee-tree)",,,,,,,,"NN0275*01",,,,,,,,,,0,0,2024-09-04,
333,2024-09-07 23:59:22,2024-09-08 00:00:52,12206323,,"2024-01","Metasequoia glyptostroboides (dawn-redwood)",,,,,,,,,,"20060244*04",,,,,,,,0,0,2024-09-04,
334,2024-09-08 00:01:59,2024-09-08 00:50:37,70647219,,"2024-02","Acer saccharinum (silver maple)",,"CC5989*01",,,,,,,,,,,,,,,,0,0,2024-09-05,
335,2024-09-08 00:50:50,2024-09-08 00:54:24,70647219,,"2024-02","Cercis canadensis (eastern redbud)",,,,"20210339*01",,,,,,,,,,,,,,0,0,2024-09-05,
336,2024-09-08 02:15:50,2024-09-08 02:19:53,61686063,,"2024-02","Acer saccharum (sugar maple)",,,"CC4694*01",,,,,,,,,,,,,,,0,0,2024-09-07,"The tree looks full and healthy. It is a great location on campus."
337,2024-09-08 02:20:01,2024-09-08 02:24:26,61686063,,"2024-02","Metasequoia glyptostroboides (dawn-redwood)",,,,,,,,,,"20060244*14",,,,,,,,0,0,2024-09-07,"This tree is also in a great location for great sunlight and looks full and healthy."
338,2024-09-08 07:58:56,2024-09-08 08:00:28,87161826,,"2024-01","Acer saccharinum (silver maple)",,"CC6369*01",,,,,,,,,,,,,,,,0,0,2024-09-07,"It was dark out so it was hard to see full color until observing with a flashlight."
339,2024-09-08 08:00:34,2024-09-08 08:01:38,87161826,,"2024-01","Acer saccharinum (silver maple)",,"CC6369*01",,,,,,,,,,,,,,,,0,0,2024-09-07,"It is huge and hard to get the full tree even when backed away in frame"
340,2024-09-08 08:08:49,2024-09-08 08:09:47,37323774,,"2024-02","Ostrya virginiana (American hop hornbeam)",,,,,,,,,,,"20110263*01",,,,,,,0,0,2024-09-08,
341,2024-09-08 08:09:51,2024-09-08 08:10:49,37323774,,"2024-02","Quercus rubra (red oak)",,,,,,,,,,,,,,,,"20090327*02",,0,0,2024-09-08,
342,2024-09-08 09:35:09,2024-09-08 09:37:29,44831291,,"2024-02","Cornus florida (eastern flowering dogwood)",,,,,"CC1741*01",,,,,,,,,,,,,0,0,2024-09-08,
343,2024-09-08 09:34:06,2024-09-08 09:38:11,10958936,,"2024-05","Ostrya virginiana (American hop hornbeam)",,,,,,,,,,,"20090303*01",,,,,,,0,0,2024-09-03,"Throughout the semester, I will be taking pictures and recording the progress of my tree by taking several pictures from different angles. This is due to the fact that my tree is surrounded by other trees, and it could be very hard to recognize the changes made to my tree by only looking at one photo. This form only lets me submit one photo, but I submitted two on the D2L quiz."
344,2024-09-08 09:38:17,2024-09-08 09:40:22,10958936,,"2024-05","Liriodendron tulipifera (tulip tree)",,,,,,,,,"NN0374*01",,,,,,,,,0,0,2024-09-03,
345,2024-09-08 09:50:10,2024-09-08 09:52:17,44831291,,"2024-02","Quercus alba (white oak)",,,,,,,,,,,,,,"20050360*10",,,,0,0,2024-09-08,
346,2024-09-08 09:55:13,2024-09-08 09:59:18,41790513,,"2024-01","Acer saccharum (sugar maple)",,,"CC5899*02",,,,,,,,,,,,,,,1,1,2024-09-06,
347,2024-09-08 09:59:23,2024-09-08 10:00:45,41790513,,"2024-01","Quercus rubra (red oak)",,,,,,,,,,,,,,,,"91P205*01",,1,1,2024-09-06,
348,2024-09-08 09:59:26,2024-09-08 10:00:59,51446274,,"2024-02","Acer saccharum (sugar maple)",,,"CC6403*01",,,,,,,,,,,,,,,0,0,2024-09-08,
349,2024-09-08 10:01:04,2024-09-08 10:02:50,51446274,,"2024-02","Quercus alba (white oak)",,,,,,,,,,,,,,"CC6390*01",,,,0,0,2024-09-08,
350,2024-09-08 10:02:07,2024-09-08 10:04:09,29644618,,"2024-02","Cercis canadensis (eastern redbud)",,,,"20230403*02",,,,,,,,,,,,,,0,0,2024-09-07,
351,2024-09-08 10:04:14,2024-09-08 10:06:09,29644618,,"2024-02","Acer rubrum (red maple)","CC2943*03",,,,,,,,,,,,,,,,,0,0,2024-09-07,
352,2024-09-08 10:01:57,2024-09-08 10:06:42,46216612,,"2024-02","Gymnocladus dioicius (Kentucky coffee-tree)",,,,,,,,"20040568*01",,,,,,,,,,0,0,2024-09-08,
353,2024-09-08 10:08:40,2024-09-08 10:09:01,46216612,,"2024-02","Ostrya virginiana (American hop hornbeam)",,,,,,,,,,,"20070191*02",,,,,,,0,0,2024-09-08,
354,2024-09-08 10:09:50,2024-09-08 10:16:46,59271649,,"2024-01","Cercis canadensis (eastern redbud)",,,,"CC1407*01",,,,,,,,,,,,,,0,0,2024-09-06,"Appears large branch on house left side may have fallen during storm, this occurred before data collection process began but still catastrophic enough to document"
355,2024-09-08 10:19:08,2024-09-08 10:20:48,87409152,,"2024-01","Cercis canadensis (eastern redbud)",,,,"CC6021*01",,,,,,,,,,,,,,0,0,2024-09-08,
356,2024-09-08 10:21:01,2024-09-08 10:21:53,87409152,,"2024-01","Liriodendron tulipifera (tulip tree)",,,,,,,,,"20120053*01",,,,,,,,,0,0,2024-09-08,
357,2024-09-08 10:12:47,2024-09-08 10:22:11,70808172,,"2024-02","Acer rubrum (red maple)","20100048*07",,,,,,,,,,,,,,,,,5,5,2024-09-08,
358,2024-09-08 10:16:59,2024-09-08 10:23:53,59271649,,"2024-01","Gymnocladus dioicius (Kentucky coffee-tree)",,,,,,,,"NN0276*01",,,,,,,,,,0,0,2024-09-04,
359,2024-09-08 10:22:21,2024-09-08 10:23:56,70808172,,"2024-02","Quercus rubra (red oak)",,,,,,,,,,,,,,,,"94N379*07",,0,0,2024-09-08,
360,2024-09-08 10:30:09,2024-09-08 10:30:15,23014320,,"2024-05","Quercus macrocarpa (bur oak)",,,,,,,,,,,,,,,"20050012*02",,,1,1,2024-09-08,"na"
361,2024-09-08 10:30:20,2024-09-08 10:31:57,23014320,,"2024-05","Liriodendron tulipifera (tulip tree)",,,,,,,,,"20090169*06",,,,,,,,,0,0,2024-09-08,
362,2024-09-08 10:30:06,2024-09-08 10:32:38,72661179,,"2024-02","Ulmus americana (American elm)",,,,,,,,,,,,,,,,,"CC6405*01",0,0,2024-09-08,
363,2024-09-08 10:32:44,2024-09-08 10:33:46,72661179,,"2024-02","Acer saccharum (sugar maple)",,,"CC6259*04",,,,,,,,,,,,,,,0,0,2024-09-08,
364,2024-09-08 10:46:12,2024-09-08 10:47:32,91782241,,"2024-02","Cornus florida (eastern flowering dogwood)",,,,,"CC1720*01",,,,,,,,,,,,,50,50,2024-09-08,
365,2024-09-08 10:47:38,2024-09-08 10:48:21,91782241,,"2024-02","Acer saccharinum (silver maple)",,"CC1729*01",,,,,,,,,,,,,,,,0,0,2024-09-08,
366,2024-09-08 10:46:31,2024-09-08 10:48:44,70480020,,"2024-05","Gymnocladus dioicius (Kentucky coffee-tree)",,,,,,,,"20040568*05",,,,,,,,,,0,0,2024-09-08,
367,2024-09-08 10:52:28,2024-09-08 10:53:37,56720050,,"2024-02","Ostrya virginiana (American hop hornbeam)",,,,,,,,,,,"20090257*06",,,,,,,10,10,2024-09-07,
368,2024-09-08 11:06:23,2024-09-08 11:06:53,95030199,,"2024-02","Fagus grandifolia (American beech)",,,,,,"20070154*04",,,,,,,,,,,,0,0,2024-09-07,"N/A"
369,2024-09-08 11:08:20,2024-09-08 11:08:47,76208618,,"2024-02","Platanus occidentalis (sycamore)",,,,,,,,,,,,,"CC4983*02",,,,,3,3,2024-09-08,
370,2024-09-08 11:07:45,2024-09-08 11:11:39,95030199,,"2024-02","Fagus grandifolia (American beech)",,,,,,"20130268*01",,,,,,,,,,,,0,0,2024-09-07,
371,2024-09-08 11:07:57,2024-09-08 11:11:56,44355337,,"2024-05","Quercus rubra (red oak)",,,,,,,,,,,,,,,,"91P205*01",,0,0,2024-09-08,
372,2024-09-08 11:12:05,2024-09-08 11:14:18,47254491,,"2024-02","Acer saccharinum (silver maple)",,"CC1061*01",,,,,,,,,,,,,,,,25,25,2024-09-08,
373,2024-09-08 11:14:27,2024-09-08 11:15:28,47254491,,"2024-02","Acer saccharinum (silver maple)",,"CC9876*01",,,,,,,,,,,,,,,,5,5,2024-09-08,
374,2024-09-08 11:13:01,2024-09-08 11:15:34,52155668,,"2024-01","Metasequoia glyptostroboides (dawn-redwood)",,,,,,,,,,"CC1024*01",,,,,,,,0,0,2024-09-06,
375,2024-09-08 11:08:02,2024-09-08 11:16:30,31694563,,"2024-02","Metasequoia glyptostroboides (dawn-redwood)",,,,,,,,,,"20060244*05",,,,,,,,0,0,2024-09-06,
376,2024-09-08 11:15:49,2024-09-08 11:17:02,52155668,,"2024-01","Metasequoia glyptostroboides (dawn-redwood)",,,,,,,,,,"CC0357*01",,,,,,,,0,0,2024-09-06,
377,2024-09-08 11:16:34,2024-09-08 11:19:11,92410843,,"2024-02","Gymnocladus dioicius (Kentucky coffee-tree)",,,,,,,,"NN0272*01",,,,,,,,,,100,100,2024-09-08,
378,2024-09-08 11:16:43,2024-09-08 11:19:15,31694563,,"2024-02","Ulmus americana (American elm)",,,,,,,,,,,,,,,,,"CC6546*02",5,5,2024-09-06,
379,2024-09-08 11:19:19,2024-09-08 11:20:11,92410843,,"2024-02","Gymnocladus dioicius (Kentucky coffee-tree)",,,,,,,,"NN0273*01",,,,,,,,,,100,100,2024-09-08,
380,2024-09-08 11:18:43,2024-09-08 11:20:28,97926157,,"2024-02","Pinus strobus (eastern white pine)",,,,,,,,,,,,"98P136*01",,,,,,0,0,2024-09-08,
381,2024-09-08 11:20:35,2024-09-08 11:21:47,97926157,,"2024-02","Pinus strobus (eastern white pine)",,,,,,,,,,,,"CC5067*01",,,,,,10,10,2024-09-08,
382,2024-09-08 11:06:23,2024-09-08 11:23:34,39654485,,"2024-01","Metasequoia glyptostroboides (dawn-redwood)",,,,,,,,,,"CC0357*01",,,,,,,,0,0,2024-09-06,
383,2024-09-08 11:23:45,2024-09-08 11:24:14,39654485,,"2024-01","Metasequoia glyptostroboides (dawn-redwood)",,,,,,,,,,"CC1024*01",,,,,,,,0,0,2024-09-06,
384,2024-09-08 11:26:54,2024-09-08 11:28:36,80555457,,"2024-01","Fagus grandifolia (American beech)",,,,,,"CC0242*01",,,,,,,,,,,,0,0,2024-09-07,
385,2024-09-08 11:28:57,2024-09-08 11:29:35,80555457,,"2024-01","Fagus grandifolia (American beech)",,,,,,"CC0255*01",,,,,,,,,,,,0,0,2024-09-07,
386,2024-09-08 10:53:17,2024-09-08 11:37:25,78175626,,"2024-02","Acer saccharum (sugar maple)",,,"CC6394*01",,,,,,,,,,,,,,,0,0,2024-09-03,
387,2024-09-08 11:35:15,2024-09-08 11:38:48,30940474,,"2024-05","Quercus alba (white oak)",,,,,,,,,,,,,,"20050360*10",,,,0,0,2024-09-06,
388,2024-09-08 11:38:55,2024-09-08 11:39:43,68626660,,"2024-01","Ulmus americana (American elm)",,,,,,,,,,,,,,,,,"CC6397*02",0,0,2024-09-05,
389,2024-09-08 11:39:47,2024-09-08 11:40:37,68626660,,"2024-01","Acer saccharum (sugar maple)",,,"CC6259*04",,,,,,,,,,,,,,,0,0,2024-09-05,
390,2024-09-08 11:39:21,2024-09-08 11:43:07,30940474,,"2024-05","Quercus alba (white oak)",,,,,,,,,,,,,,"CC0234*01",,,,0,0,2024-09-06,
391,2024-09-08 11:42:27,2024-09-08 11:44:21,43497365,,"2024-02","Gymnocladus dioicius (Kentucky coffee-tree)",,,,,,,,"CC0389*01",,,,,,,,,,0,0,2024-09-06,"This tree is huge and hard to take pictures of"
392,2024-09-08 11:44:30,2024-09-08 11:45:38,43497365,,"2024-02","Quercus alba (white oak)",,,,,,,,,,,,,,"20050360*10",,,,0,0,2024-09-06,"I like the location of this tree"
393,2024-09-08 12:08:09,2024-09-08 12:11:04,35646384,,"2024-01","Metasequoia glyptostroboides (dawn-redwood)",,,,,,,,,,"20060244*14",,,,,,,,0,0,2024-09-06,
394,2024-09-08 12:14:21,2024-09-08 12:16:46,15617204,,"2024-05","Quercus macrocarpa (bur oak)",,,,,,,,,,,,,,,"CC4964*01",,,0,0,2024-09-06,
395,2024-09-08 12:16:54,2024-09-08 12:18:10,15617204,,"2024-05","Acer saccharinum (silver maple)",,"CC6826*01",,,,,,,,,,,,,,,,0,0,2024-09-06,
396,2024-09-08 12:14:58,2024-09-08 12:20:40,56422985,,"2024-02","Cornus florida (eastern flowering dogwood)",,,,,"CC1849*01",,,,,,,,,,,,,0,0,2024-09-08,
397,2024-09-08 12:14:44,2024-09-08 12:22:18,73972066,,"2024-05","Acer saccharinum (silver maple)",,"CC1061*01",,,,,,,,,,,,,,,,0,0,2024-09-06,
398,2024-09-08 12:20:48,2024-09-08 12:22:39,56422985,,"2024-02","Ostrya virginiana (American hop hornbeam)",,,,,,,,,,,"20090303*01",,,,,,,0,0,2024-09-08,
399,2024-09-08 12:14:13,2024-09-08 12:23:17,63684501,,"2024-01","Gymnocladus dioicius (Kentucky coffee-tree)",,,,,,,,"20040568*05",,,,,,,,,,0,0,2024-09-06,
400,2024-09-08 12:23:21,2024-09-08 12:24:09,63684501,,"2024-01","Cercis canadensis (eastern redbud)",,,,"98P065*04",,,,,,,,,,,,,,0,0,2024-09-06,
401,2024-09-08 12:14:47,2024-09-08 12:24:58,58831869,,"2024-01","Quercus macrocarpa (bur oak)",,,,,,,,,,,,,,,"CC6861*01",,,0,0,2024-09-05,
402,2024-09-08 12:25:10,2024-09-08 12:26:26,58831869,,"2024-01","Quercus rubra (red oak)",,,,,,,,,,,,,,,,"91P205*01",,0,0,2024-09-05,
403,2024-09-08 12:44:52,2024-09-08 12:45:55,93862370,,"2024-02","Acer rubrum (red maple)","CC6341*01",,,,,,,,,,,,,,,,,0,0,2024-09-07,"its a nice tree"
404,2024-09-08 12:46:04,2024-09-08 12:46:54,93862370,,"2024-02","Fagus grandifolia (American beech)",,,,,,"CC6328*01",,,,,,,,,,,,0,0,2024-09-07,"its so pretty"
405,2024-09-08 13:16:53,2024-09-08 13:19:32,36297829,,"2024-02","Quercus alba (white oak)",,,,,,,,,,,,,,"CC0239*01",,,,15,15,2024-09-06,
406,2024-09-08 13:19:36,2024-09-08 13:20:57,36297829,,"2024-02","Quercus alba (white oak)",,,,,,,,,,,,,,"CC0314*01",,,,5,5,2024-09-06,
407,2024-09-08 13:59:20,2024-09-08 14:01:23,26018768,,"2024-05","Acer saccharum (sugar maple)",,,"CC6530*01",,,,,,,,,,,,,,,0,0,2024-09-06,
408,2024-09-08 14:01:28,2024-09-08 14:03:25,26018768,,"2024-05","Cornus florida (eastern flowering dogwood)",,,,,"CC1402*01",,,,,,,,,,,,,0,0,2024-09-06,
409,2024-09-08 13:57:41,2024-09-08 14:04:00,45896681,,"2024-01","Acer rubrum (red maple)","CC1719*02",,,,,,,,,,,,,,,,,0,0,2024-09-05,
410,2024-09-08 14:07:34,2024-09-08 14:10:40,26384692,,"2024-02","Metasequoia glyptostroboides (dawn-redwood)",,,,,,,,,,"20000146*03",,,,,,,,0,0,2024-09-07,
411,2024-09-08 14:10:58,2024-09-08 14:11:51,26384692,,"2024-02","Ostrya virginiana (American hop hornbeam)",,,,,,,,,,,"20070191*02",,,,,,,0,0,2024-09-07,
412,2024-09-08 14:13:18,2024-09-08 14:15:42,65835354,,"2024-05","Acer saccharinum (silver maple)",,"CC6826*01",,,,,,,,,,,,,,,,0,0,2024-09-05,
413,2024-09-08 14:16:01,2024-09-08 14:18:51,65835354,,"2024-05","Cercis canadensis (eastern redbud)",,,,"20030863*02",,,,,,,,,,,,,,0,0,2024-09-05,
414,2024-09-08 14:51:49,2024-09-08 14:53:50,19518197,,"2024-05","Fagus grandifolia (American beech)",,,,,,"CC0169*01",,,,,,,,,,,,0,0,2024-09-08,
415,2024-09-08 14:53:56,2024-09-08 14:55:05,19518197,,"2024-05","Platanus occidentalis (sycamore)",,,,,,,,,,,,,"CC1210*01",,,,,0,0,2024-09-08,
416,2024-09-08 14:54:33,2024-09-08 14:57:46,55818351,,"2024-01","Fagus grandifolia (American beech)",,,,,,"CC1623*01",,,,,,,,,,,,0,0,2024-09-06,
417,2024-09-08 14:56:33,2024-09-08 14:58:42,10971630,,"2024-05","Cercis canadensis (eastern redbud)",,,,"20000678*02",,,,,,,,,,,,,,0,0,2024-09-05,"i couldn't find one of my trees"
418,2024-09-08 14:57:52,2024-09-08 14:59:03,55818351,,"2024-01","Quercus alba (white oak)",,,,,,,,,,,,,,"CC6651*01",,,,0,0,2024-09-06,
419,2024-09-08 15:42:03,2024-09-08 15:44:00,64625247,,"2024-01","Acer rubrum (red maple)","CC2943*03",,,,,,,,,,,,,,,,,0,0,2024-09-04,
420,2024-09-08 15:44:07,2024-09-08 15:46:08,64625247,,"2024-01","Acer rubrum (red maple)","CC2943*02",,,,,,,,,,,,,,,,,0,0,2024-09-04,
421,2024-09-08 15:47:20,2024-09-08 15:48:57,66446762,,"2024-05","Ostrya virginiana (American hop hornbeam)",,,,,,,,,,,"20090257*03",,,,,,,2,2,2024-09-08,
422,2024-09-08 15:49:28,2024-09-08 15:50:07,66446762,,"2024-05","Ostrya virginiana (American hop hornbeam)",,,,,,,,,,,"20090257*04",,,,,,,2,2,2024-09-08,
423,2024-09-08 15:50:48,2024-09-08 15:51:18,66446762,,"2024-05","Ostrya virginiana (American hop hornbeam)",,,,,,,,,,,"20090257*03",,,,,,,2,2,2024-09-08,
424,2024-09-08 15:51:19,2024-09-08 15:54:45,41776586,,"2024-01","Acer rubrum (red maple)","20100048*07",,,,,,,,,,,,,,,,,95,95,2024-09-06,
425,2024-09-08 15:54:56,2024-09-08 15:56:11,41776586,,"2024-01","Acer saccharum (sugar maple)",,,"CC6403*01",,,,,,,,,,,,,,,2,2,2024-09-06,
426,2024-09-08 15:59:42,2024-09-08 16:02:09,57500971,,"2024-02","Platanus occidentalis (sycamore)",,,,,,,,,,,,,"CC4983*01",,,,,0,0,2024-09-08,
427,2024-09-08 16:02:18,2024-09-08 16:04:11,57500971,,"2024-02","Metasequoia glyptostroboides (dawn-redwood)",,,,,,,,,,"CC1126*01",,,,,,,,0,0,2024-09-08,
428,2024-09-08 16:08:57,2024-09-08 16:11:22,60183740,,"2024-01","Acer rubrum (red maple)","CC2943*03",,,,,,,,,,,,,,,,,0,0,2024-09-08,
429,2024-09-08 16:11:32,2024-09-08 16:13:02,60183740,,"2024-01","Cercis canadensis (eastern redbud)",,,,"CC2925*01",,,,,,,,,,,,,,0,0,2024-09-08,
430,2024-09-08 15:50:04,2024-09-08 16:30:27,36985896,,"2024-05","Quercus macrocarpa (bur oak)",,,,,,,,,,,,,,,"20050339*04",,,0,0,2024-09-08,
431,2024-09-08 16:29:03,2024-09-08 16:31:57,64680597,,"2024-01","Quercus alba (white oak)",,,,,,,,,,,,,,"CC0320*01",,,,20,20,2024-09-06,
432,2024-09-08 16:32:04,2024-09-08 16:33:19,64680597,,"2024-01","Pinus strobus (eastern white pine)",,,,,,,,,,,,"98P136*01",,,,,,0,0,2024-09-06,
433,2024-09-08 16:31:01,2024-09-08 16:34:36,36985896,,"2024-05","Quercus macrocarpa (bur oak)",,,,,,,,,,,,,,,"20050339*04",,,0,0,2024-09-08,
434,2024-09-08 16:31:31,2024-09-08 16:35:24,22333400,,"2024-01","Quercus macrocarpa (bur oak)",,,,,,,,,,,,,,,"CC8292*01",,,0,0,2024-09-08,
435,2024-09-08 16:35:31,2024-09-08 16:38:36,22333400,,"2024-01","Gymnocladus dioicius (Kentucky coffee-tree)",,,,,,,,"NN0274*01",,,,,,,,,,0,0,2024-09-08,
436,2024-09-08 16:52:09,2024-09-08 16:54:49,15145344,,"2024-01","Liriodendron tulipifera (tulip tree)",,,,,,,,,"20120053*02",,,,,,,,,0,0,2024-09-02,"The tree does not have any tags"
437,2024-09-08 16:55:00,2024-09-08 16:57:24,15145344,,"2024-01","Quercus macrocarpa (bur oak)",,,,,,,,,,,,,,,"CC4980*01",,,0,0,2024-09-02,"tree did not have any tags"
438,2024-09-08 16:58:51,2024-09-08 17:00:13,33375570,,"2024-01","Gymnocladus dioicius (Kentucky coffee-tree)",,,,,,,,"CC1360*01",,,,,,,,,,0,0,2024-09-08,
439,2024-09-08 17:00:17,2024-09-08 17:00:57,33375570,,"2024-01","Gymnocladus dioicius (Kentucky coffee-tree)",,,,,,,,"CC0389*01",,,,,,,,,,0,0,2024-09-08,
440,2024-09-08 17:14:10,2024-09-08 17:18:16,12117787,,"2024-02","Acer rubrum (red maple)","20100046-07",,,,,,,,,,,,,,,,,0,0,2024-09-05,
441,2024-09-08 17:18:20,2024-09-08 17:18:48,12117787,,"2024-02","Acer rubrum (red maple)","20100048*12",,,,,,,,,,,,,,,,,0,0,2024-09-05,
442,2024-09-08 17:21:15,2024-09-08 17:22:41,64778819,,"2024-05","Quercus rubra (red oak)",,,,,,,,,,,,,,,,"98P021*03",,0,0,2024-09-05,"None as of right now"
443,2024-09-08 17:22:45,2024-09-08 17:23:42,64778819,,"2024-05","Liriodendron tulipifera (tulip tree)",,,,,,,,,"97P033*01",,,,,,,,,0,0,2024-09-05,"None as of right now"
444,2024-09-08 17:23:05,2024-09-08 17:29:34,34747650,,"2024-05","Acer rubrum (red maple)","20100046-07",,,,,,,,,,,,,,,,,2,2,2024-09-08,"The tree is small and skinny, more leaves on the bottom compared to the top."
445,2024-09-08 17:29:43,2024-09-08 17:31:13,34747650,,"2024-05","Acer saccharum (sugar maple)",,,"CC1032*01",,,,,,,,,,,,,,,0,0,2024-09-08,"The tree is large and catastrophic and have many branches."
446,2024-09-08 17:31:37,2024-09-08 17:37:21,35597876,,"2024-05","Acer rubrum (red maple)","20100048*07",,,,,,,,,,,,,,,,,3,3,2024-09-06,
447,2024-09-08 17:37:41,2024-09-08 17:39:18,35597876,,"2024-05","Quercus rubra (red oak)",,,,,,,,,,,,,,,,"CC0286*01",,0,0,2024-09-05,
448,2024-09-08 17:49:31,2024-09-08 17:51:31,24402071,,"2024-05","Cornus florida (eastern flowering dogwood)",,,,,"CC1720*02",,,,,,,,,,,,,30,30,2024-09-08,
449,2024-09-08 17:51:46,2024-09-08 17:52:19,39809682,,"2024-05","Ostrya virginiana (American hop hornbeam)",,,,,,,,,,,"20070191*01",,,,,,,0,0,2024-09-08,
450,2024-09-08 17:51:54,2024-09-08 17:52:54,24402071,,"2024-05","Cornus florida (eastern flowering dogwood)",,,,,"CC1720*03",,,,,,,,,,,,,10,10,2024-09-08,
451,2024-09-08 18:04:52,2024-09-08 18:07:44,74993270,,"2024-05","Acer rubrum (red maple)","20100048*12",,,,,,,,,,,,,,,,,99,99,2024-09-05,"none normal"
452,2024-09-08 18:09:57,2024-09-08 18:12:22,73707930,,"2024-05","Quercus alba (white oak)",,,,,,,,,,,,,,"CC4955*03",,,,0,0,2024-09-08,"The tree itself is pretty large and is growing at a beautiful area. All the branches seem to be present."
453,2024-09-08 18:10:01,2024-09-08 18:13:27,37547131,,"2024-01","Gymnocladus dioicius (Kentucky coffee-tree)",,,,,,,,"20040568*05",,,,,,,,,,0,0,2024-09-08,
454,2024-09-08 18:13:48,2024-09-08 18:14:56,37547131,,"2024-01","Liriodendron tulipifera (tulip tree)",,,,,,,,,"20150640*07",,,,,,,,,0,0,2024-09-08,
455,2024-09-08 18:18:05,2024-09-08 18:20:06,19815070,,"2024-05","Acer rubrum (red maple)","CC6281*01",,,,,,,,,,,,,,,,,0,0,2024-09-04,
456,2024-09-08 18:20:20,2024-09-08 18:20:49,19815070,,"2024-05","Acer rubrum (red maple)","CC6281*02",,,,,,,,,,,,,,,,,0,0,2024-09-04,
457,2024-09-08 18:19:38,2024-09-08 18:21:56,18608266,,"2024-01","Quercus macrocarpa (bur oak)",,,,,,,,,,,,,,,"20070507*05",,,0,0,2024-09-06,"N/A"
458,2024-09-08 18:20:04,2024-09-08 18:22:00,71522442,,"2024-05","Ulmus americana (American elm)",,,,,,,,,,,,,,,,,"CC5459*03",0,0,2024-09-07,
459,2024-09-08 18:21:20,2024-09-08 18:24:18,20455166,,"2024-02","Liriodendron tulipifera (tulip tree)",,,,,,,,,"97P033*01",,,,,,,,,0,0,2024-09-08,"It had said I submitted it but my computer must have glitched because it said I had never submitted it although I previously did this before so I am not sure if I submitted this twice or if my other one just never went through"
460,2024-09-08 18:24:24,2024-09-08 18:25:42,20455166,,"2024-02","Quercus alba (white oak)",,,,,,,,,,,,,,"CC0239*01",,,,0,0,2024-09-08,"Same thing as my last submission its saying it hadn't received a file from me yet but I filled this out earlier. Im not sure if my computer glitched or if it was never received or what happened"
461,2024-09-08 18:22:01,2024-09-08 18:28:43,18608266,,"2024-01","Quercus macrocarpa (bur oak)",,,,,,,,,,,,,,,"CC4912*01",,,0,0,2024-09-06,"N/A"
462,2024-09-08 18:28:36,2024-09-08 18:29:56,19459670,,"2024-01","Gymnocladus dioicius (Kentucky coffee-tree)",,,,,,,,"NN0273*01",,,,,,,,,,0,0,2024-09-05,
463,2024-09-08 18:22:05,2024-09-08 18:43:00,71522442,,"2024-05","Cercis canadensis (eastern redbud)",,,,"90P133*02",,,,,,,,,,,,,,0,0,2024-09-07,
464,2024-09-08 18:51:06,2024-09-08 18:52:07,25013998,,"2024-05","Acer saccharinum (silver maple)",,"CC6826*01",,,,,,,,,,,,,,,,0,0,2024-09-06,
465,2024-09-08 18:54:25,2024-09-08 18:55:34,88958700,,"2024-05","Ostrya virginiana (American hop hornbeam)",,,,,,,,,,,"20070191*03",,,,,,,10,10,2024-09-08,
466,2024-09-08 18:55:46,2024-09-08 18:57:17,88958700,,"2024-05","Ostrya virginiana (American hop hornbeam)",,,,,,,,,,,"20090257*01",,,,,,,5,5,2024-09-08,
467,2024-09-08 18:57:20,2024-09-08 18:58:05,88958700,,"2024-05","Ostrya virginiana (American hop hornbeam)",,,,,,,,,,,"20070191*03",,,,,,,5,5,2024-09-08,"re upload I used wrong image previously"
468,2024-09-08 18:50:38,2024-09-08 18:58:27,68057817,,"2024-05","Acer rubrum (red maple)","20100048*09",,,,,,,,,,,,,,,,,5,5,2024-09-08,
469,2024-09-08 18:18:00,2024-09-08 19:01:18,87948018,,"2024-01","Cornus florida (eastern flowering dogwood)",,,,,"CC0959*01",,,,,,,,,,,,,33,33,2024-09-07,
470,2024-09-08 18:58:31,2024-09-08 19:01:52,68057817,,"2024-05","Acer rubrum (red maple)","20100048*07",,,,,,,,,,,,,,,,,0,0,2024-09-08,
471,2024-09-08 19:01:45,2024-09-08 19:04:52,51209537,,"2024-01","Acer rubrum (red maple)","CC2943*02",,,,,,,,,,,,,,,,,0,0,2024-09-04,
472,2024-09-08 19:04:57,2024-09-08 19:05:49,51209537,,"2024-01","Acer rubrum (red maple)","CC2943*01",,,,,,,,,,,,,,,,,0,0,2024-09-04,
473,2024-09-08 19:06:22,2024-09-08 19:06:44,87948018,,"2024-01","Quercus alba (white oak)",,,,,,,,,,,,,,"20050360*10",,,,0,0,2024-09-07,
474,2024-09-08 19:08:08,2024-09-08 19:11:17,90522884,,"2024-01","Cercis canadensis (eastern redbud)",,,,"20210339*01",,,,,,,,,,,,,,0,0,2024-09-06,"The trees seemed damaged from the storm last week or as if they had been trimmed, there was a lot of fallen branches and leaves."
475,2024-09-08 19:11:38,2024-09-08 19:15:32,90522884,,"2024-01","Ostrya virginiana (American hop hornbeam)",,,,,,,,,,,"CC1648*01",,,,,,,35,35,2024-09-06,"There is a split up the middle of the tree."
476,2024-09-08 19:16:18,2024-09-08 19:20:33,25083114,,"2024-05","Ostrya virginiana (American hop hornbeam)",,,,,,,,,,,"20090257*07",,,,,,,7,7,2024-09-08,
477,2024-09-08 19:20:43,2024-09-08 19:21:44,25083114,,"2024-05","Ostrya virginiana (American hop hornbeam)",,,,,,,,,,,"20090303*01",,,,,,,0,0,2024-09-08,
478,2024-09-08 19:31:28,2024-09-08 19:32:28,66757046,,"2024-01","Cornus florida (eastern flowering dogwood)",,,,,"CC1402*01",,,,,,,,,,,,,0,0,2024-09-06,
479,2024-09-08 19:32:32,2024-09-08 19:33:14,66757046,,"2024-01","Platanus occidentalis (sycamore)",,,,,,,,,,,,,"CC4349*02",,,,,0,0,2024-09-06,
480,2024-09-08 19:42:19,2024-09-08 19:45:36,17692904,,"2024-01","Platanus occidentalis (sycamore)",,,,,,,,,,,,,"CC2662*01",,,,,0,0,2024-09-05,
481,2024-09-08 19:45:40,2024-09-08 19:47:14,17692904,,"2024-01","Platanus occidentalis (sycamore)",,,,,,,,,,,,,"CC2662*01",,,,,0,0,2024-09-05,
482,2024-09-08 19:58:44,2024-09-08 20:00:55,48823378,,"2024-02","Gymnocladus dioicius (Kentucky coffee-tree)",,,,,,,,"20040568*05",,,,,,,,,,90,90,2024-09-08,"n/a"
483,2024-09-08 20:01:01,2024-09-08 20:04:14,48823378,,"2024-02","Quercus macrocarpa (bur oak)",,,,,,,,,,,,,,,"20070507*05",,,3,3,2024-09-08,"n/a"
484,2024-09-08 20:10:01,2024-09-08 20:15:01,96546201,,"2024-01","Acer saccharum (sugar maple)",,,"CC6394*01",,,,,,,,,,,,,,,5,5,2024-09-05,
485,2024-09-08 20:26:49,2024-09-08 20:29:05,94726079,,"2024-02","Metasequoia glyptostroboides (dawn-redwood)",,,,,,,,,,"CC1024*01",,,,,,,,0,0,2024-09-08,
486,2024-09-08 20:26:58,2024-09-08 20:29:44,75288433,,"2024-01","Cercis canadensis (eastern redbud)",,,,"20030863*02",,,,,,,,,,,,,,0,0,2024-09-05,"N/A"
487,2024-09-08 20:29:13,2024-09-08 20:30:15,94726079,,"2024-02","Metasequoia glyptostroboides (dawn-redwood)",,,,,,,,,,"CC1024*01",,,,,,,,0,0,2024-09-08,"Disregard last submission, I uploaded the wrong photo"
488,2024-09-08 20:30:18,2024-09-08 20:30:50,94726079,,"2024-02","Metasequoia glyptostroboides (dawn-redwood)",,,,,,,,,,"20080508*01",,,,,,,,0,0,2024-09-08,
489,2024-09-08 20:30:00,2024-09-08 20:30:56,75288433,,"2024-01","Cornus florida (eastern flowering dogwood)",,,,,"CC2202*01",,,,,,,,,,,,,0,0,2024-09-05,"N/A"
490,2024-09-08 20:25:10,2024-09-08 20:31:58,44764912,,"2024-05","Cornus florida (eastern flowering dogwood)",,,,,"CC2938*01",,,,,,,,,,,,,15,15,2024-09-08,
491,2024-09-08 20:24:05,2024-09-08 20:33:21,81289697,,"2024-05","Metasequoia glyptostroboides (dawn-redwood)",,,,,,,,,,"20080508*03",,,,,,,,0,0,2024-09-08,"The tree's leaves seem to be much yellower in comparison to the tree of the same species next to it, meaning that its current color is not from the season but from either nutrient deficiency or disease."
492,2024-09-08 20:32:05,2024-09-08 20:37:04,44764912,,"2024-05","Liriodendron tulipifera (tulip tree)",,,,,,,,,"NN0374*01",,,,,,,,,100,100,2024-09-08,
493,2024-09-08 20:33:26,2024-09-08 20:38:36,81289697,,"2024-05","Platanus occidentalis (sycamore)",,,,,,,,,,,,,"CC6645*01",,,,,0,0,2024-09-08,
494,2024-09-08 20:36:23,2024-09-08 20:39:29,81206789,,"2024-01","Cornus florida (eastern flowering dogwood)",,,,,"CC1402*01",,,,,,,,,,,,,0,0,2024-09-06,
495,2024-09-08 20:39:33,2024-09-08 20:41:21,81206789,,"2024-01","Cercis canadensis (eastern redbud)",,,,"CC1407*01",,,,,,,,,,,,,,0,0,2024-09-06,
496,2024-09-08 20:56:18,2024-09-08 21:01:53,76987532,,"2024-05","Ostrya virginiana (American hop hornbeam)",,,,,,,,,,,"20090257*03",,,,,,,1,1,2024-09-06,
497,2024-09-08 21:00:50,2024-09-08 21:03:22,54207537,,"2024-01","Quercus alba (white oak)",,,,,,,,,,,,,,"20050360*10",,,,0,0,2024-09-08,
498,2024-09-08 21:02:00,2024-09-08 21:04:34,76987532,,"2024-05","Ostrya virginiana (American hop hornbeam)",,,,,,,,,,,"20090257*04",,,,,,,2,2,2024-09-06,
499,2024-09-08 21:03:55,2024-09-08 21:04:45,54207537,,"2024-01","Quercus alba (white oak)",,,,,,,,,,,,,,"CC0234*01",,,,0,0,2024-09-08,
500,2024-09-08 21:04:43,2024-09-08 21:08:29,96287946,,"2024-05","Acer saccharum (sugar maple)",,,"CC6259*01",,,,,,,,,,,,,,,0,0,2024-09-08,"N/A"
501,2024-09-08 21:08:38,2024-09-08 21:10:04,96287946,,"2024-05","Ulmus americana (American elm)",,,,,,,,,,,,,,,,,"CC6283*01",0,0,2024-09-08,"N/A"
502,2024-09-08 21:21:01,2024-09-08 21:23:50,16825224,,"2024-05","Ulmus americana (American elm)",,,,,,,,,,,,,,,,,"CC5425*06",0,0,2024-09-08,"It was hard to get a photo of this tree so trying a slightly different angle next time will work better"
503,2024-09-08 21:23:56,2024-09-08 21:24:44,16825224,,"2024-05","Ulmus americana (American elm)",,,,,,,,,,,,,,,,,"CC5425*07",0,0,2024-09-08,
504,2024-09-08 21:27:47,2024-09-08 21:34:48,74699172,,"2024-05","Quercus rubra (red oak)",,,,,,,,,,,,,,,,"20090665*02",,0,0,2024-09-08,
505,2024-09-08 21:28:02,2024-09-08 21:39:08,66384088,,"2024-05","Acer rubrum (red maple)","CC8185*03",,,,,,,,,,,,,,,,,5,5,2024-09-08,
506,2024-09-08 21:34:54,2024-09-08 21:40:12,74699172,,"2024-05","Ulmus americana (American elm)",,,,,,,,,,,,,,,,,"CC6397*02",0,0,2024-09-08,
507,2024-09-08 21:39:13,2024-09-08 21:44:05,66384088,,"2024-05","Ostrya virginiana (American hop hornbeam)",,,,,,,,,,,"20090257*07",,,,,,,5,5,2024-09-08,
508,2024-09-08 21:45:17,2024-09-08 21:48:17,72051085,,"2024-05","Acer saccharinum (silver maple)",,"CC9722*01",,,,,,,,,,,,,,,,0,0,2024-09-08,
509,2024-09-08 21:47:52,2024-09-08 21:50:06,61883497,,"2024-05","Cornus florida (eastern flowering dogwood)",,,,,"CC1741*01",,,,,,,,,,,,,0,0,2024-09-08,
510,2024-09-08 21:48:24,2024-09-08 21:50:07,72051085,,"2024-05","Gymnocladus dioicius (Kentucky coffee-tree)",,,,,,,,"NN0274*01",,,,,,,,,,0,0,2024-09-08,
511,2024-09-08 21:50:10,2024-09-08 21:51:10,61883497,,"2024-05","Liriodendron tulipifera (tulip tree)",,,,,,,,,"20090398*06",,,,,,,,,0,0,2024-09-08,
512,2024-09-08 21:47:09,2024-09-08 21:51:26,86954660,,"2024-01","Acer saccharum (sugar maple)",,,"CC4331*01",,,,,,,,,,,,,,,0,0,2024-09-06,"N/A"
513,2024-09-08 21:58:14,2024-09-08 22:04:32,48836126,,"2024-01","Pinus strobus (eastern white pine)",,,,,,,,,,,,"CC4611*01",,,,,,0,0,2024-09-06,"Na"
514,2024-09-08 22:06:46,2024-09-08 22:08:10,43946846,,"2024-05","Ostrya virginiana (American hop hornbeam)",,,,,,,,,,,"CC9244*01",,,,,,,0,0,2024-09-08,
515,2024-09-08 22:08:14,2024-09-08 22:10:13,43946846,,"2024-05","Ostrya virginiana (American hop hornbeam)",,,,,,,,,,,"CC1648*01",,,,,,,15,15,2024-09-08,"There is a huge split in the tree at the bottom of it."
516,2024-09-08 22:15:06,2024-09-08 22:20:16,94267289,,"2024-05","Cornus florida (eastern flowering dogwood)",,,,,"20160323*01",,,,,,,,,,,,,45,45,2024-09-08,
517,2024-09-08 22:20:38,2024-09-08 22:22:26,94267289,,"2024-05","Liriodendron tulipifera (tulip tree)",,,,,,,,,"20120053*03",,,,,,,,,0,0,2024-09-08,
518,2024-09-08 22:26:06,2024-09-08 22:27:06,30263065,,"2024-05","Gymnocladus dioicius (Kentucky coffee-tree)",,,,,,,,"20040568*01",,,,,,,,,,3,3,2024-09-07,
519,2024-09-08 22:27:12,2024-09-08 22:32:42,30263065,,"2024-05","Ostrya virginiana (American hop hornbeam)",,,,,,,,,,,"20070191*03",,,,,,,1,1,2024-09-07,
520,2024-09-08 22:40:42,2024-09-08 22:42:25,41382871,,"2024-05","Fagus sylvatica (European beech)",,,,,,,"CC0190*01",,,,,,,,,,,2,2,2024-09-08,"none!"
521,2024-09-08 22:42:32,2024-09-08 22:43:14,41382871,,"2024-05","Gymnocladus dioicius (Kentucky coffee-tree)",,,,,,,,"CC6927*01",,,,,,,,,,0,0,2024-09-08,"none!"
522,2024-09-08 23:12:27,2024-09-08 23:13:48,54110773,,"2024-05","Ulmus americana (American elm)",,,,,,,,,,,,,,,,,"CC6270*01",0,0,2024-09-05,
523,2024-09-08 23:14:45,2024-09-08 23:18:11,13186692,,"2024-01","Platanus occidentalis (sycamore)",,,,,,,,,,,,,"CC0016*01",,,,,5,5,2024-09-06,
524,2024-09-08 23:19:16,2024-09-08 23:20:37,13186692,,"2024-01","Platanus occidentalis (sycamore)",,,,,,,,,,,,,"CC0370*01",,,,,5,5,2024-09-06,
525,2024-09-08 23:20:53,2024-09-08 23:22:36,85509066,,"2024-05","Acer saccharinum (silver maple)",,"CC9673*01",,,,,,,,,,,,,,,,0,0,2024-09-06,
526,2024-09-08 23:22:41,2024-09-08 23:23:25,85509066,,"2024-05","Liriodendron tulipifera (tulip tree)",,,,,,,,,"20120053*01",,,,,,,,,0,0,2024-09-06,
527,2024-09-08 23:17:48,2024-09-08 23:26:02,88549450,,"2024-01","Acer rubrum (red maple)","CC1719*01",,,,,,,,,,,,,,,,,10,10,2024-09-06,
528,2024-09-08 23:25:59,2024-09-08 23:27:24,63596700,,"2024-05","Ulmus americana (American elm)",,,,,,,,,,,,,,,,,"CC6249*01",0,0,2024-09-08,
529,2024-09-08 23:27:28,2024-09-08 23:28:07,63596700,,"2024-05","Acer saccharum (sugar maple)",,,"CC6394*01",,,,,,,,,,,,,,,0,0,2024-09-08,
530,2024-09-08 23:26:11,2024-09-08 23:28:23,88549450,,"2024-01","Cercis canadensis (eastern redbud)",,,,"CC1407*01",,,,,,,,,,,,,,0,0,2024-09-06,
531,2024-09-08 23:30:52,2024-09-08 23:33:13,67437512,,"2024-05","Cercis canadensis (eastern redbud)",,,,"CC2925*01",,,,,,,,,,,,,,0,0,2024-09-03,
532,2024-09-08 23:33:17,2024-09-08 23:34:35,67437512,,"2024-05","Cornus florida (eastern flowering dogwood)",,,,,"CC2938*01",,,,,,,,,,,,,5,5,2024-09-03,
533,2024-09-08 23:36:23,2024-09-08 23:37:16,67437512,,"2024-05","Cercis canadensis (eastern redbud)",,,,"CC2925*01",,,,,,,,,,,,,,0,0,2024-09-03,
534,2024-09-09 00:23:28,2024-09-09 00:25:46,36402450,,"2024-01","Quercus alba (white oak)",,,,,,,,,,,,,,"CC0253*01",,,,0,0,2024-09-06,
535,2024-09-09 00:25:55,2024-09-09 00:26:49,36402450,,"2024-01","Fagus grandifolia (American beech)",,,,,,"CC0169*01",,,,,,,,,,,,0,0,2024-09-06,
536,2024-09-09 00:26:55,2024-09-09 00:27:39,36402450,,"2024-01","Quercus alba (white oak)",,,,,,,,,,,,,,"CC0253*01",,,,0,0,2024-09-06,
537,2024-09-09 09:01:55,2024-09-09 09:03:01,70424744,,"2024-02","Cercis canadensis (eastern redbud)",,,,"90P133*01",,,,,,,,,,,,,,0,0,2024-09-07,
538,2024-09-09 09:03:36,2024-09-09 09:06:26,70424744,,"2024-02","Cercis canadensis (eastern redbud)",,,,"20210339*01",,,,,,,,,,,,,,0,0,2024-09-09,"My maps that I was supposed to use did not find my tree, and my tree does not have a tag hence why this is late. This tree is also missing one of its trunks"
539,2024-09-09 10:15:16,2024-09-09 10:17:11,78175626,,"2024-02","Ulmus americana (American elm)",,,,,,,,,,,,,,,,,"CC6249*01",0,0,2024-09-03,"The tree tag was snapped in half."
540,2024-09-09 10:23:35,2024-09-09 10:28:09,27932240,,"2024-01","Quercus alba (white oak)",,,,,,,,,,,,,,"CC6631*01",,,,0,0,2024-09-05,"no comment"
541,2024-09-09 10:28:14,2024-09-09 10:29:56,27932240,,"2024-01","Fagus grandifolia (American beech)",,,,,,"CC1623*01",,,,,,,,,,,,0,0,2024-09-05,"no comment"
542,2024-09-09 10:44:38,2024-09-09 10:47:25,78488733,,"2024-01","Acer saccharum (sugar maple)",,,"CC4331*01",,,,,,,,,,,,,,,0,0,2024-09-04,
543,2024-09-09 10:47:47,2024-09-09 10:49:48,78488733,,"2024-01","Acer saccharum (sugar maple)",,,"CC4333*01",,,,,,,,,,,,,,,0,0,2024-09-04,"I noticed when I took this photo that the accession tag has completely broken in two and is sitting near the base of the tree. Hopefully this is helpful to you!"
544,2024-09-09 11:16:45,2024-09-09 11:18:02,88122485,,"2024-02","Ulmus americana (American elm)",,,,,,,,,,,,,,,,,"CC6943*01",0,0,2024-09-04,
545,2024-09-09 11:18:10,2024-09-09 11:18:50,88122485,,"2024-02","Ulmus americana (American elm)",,,,,,,,,,,,,,,,,"CC5459*03",0,0,2024-09-06,
546,2024-09-09 11:43:40,2024-09-09 11:46:36,77748476,,"2024-02","Pinus strobus (eastern white pine)",,,,,,,,,,,,"CC6484*01",,,,,,0,0,2024-09-09,
547,2024-09-09 11:46:40,2024-09-09 11:47:19,77748476,,"2024-02","Pinus strobus (eastern white pine)",,,,,,,,,,,,"CC6484*02",,,,,,0,0,2024-09-09,
548,2024-09-09 12:01:49,2024-09-09 12:02:53,82653582,,"2024-02","Ulmus americana (American elm)",,,,,,,,,,,,,,,,,"CC6397*02",0,0,2024-09-05,
549,2024-09-09 12:08:47,2024-09-09 12:10:06,82330988,,"2024-01","Acer saccharum (sugar maple)",,,"CC6403*01",,,,,,,,,,,,,,,0,0,2024-09-06,
550,2024-09-09 12:10:02,2024-09-09 12:10:18,18153900,,"2024-02","Acer saccharinum (silver maple)",,"CC4350*01",,,,,,,,,,,,,,,,0,0,2024-09-07,
551,2024-09-09 12:10:14,2024-09-09 12:11:06,82330988,,"2024-01","Ulmus americana (American elm)",,,,,,,,,,,,,,,,,"CC6397*02",0,0,2024-09-06,
552,2024-09-09 12:41:55,2024-09-09 12:46:08,96027519,,"2024-02","Cornus florida (eastern flowering dogwood)",,,,,"CC1720*01",,,,,,,,,,,,,0,0,2024-09-02,
553,2024-09-09 12:46:11,2024-09-09 12:47:01,96027519,,"2024-02","Platanus occidentalis (sycamore)",,,,,,,,,,,,,"CC5971*01",,,,,0,0,2024-09-02,
554,2024-09-09 12:47:45,2024-09-09 12:51:03,61885708,,"2024-02","Fagus grandifolia (American beech)",,,,,,"CC6328*01",,,,,,,,,,,,0,0,2024-09-07,"none"
555,2024-09-09 12:46:31,2024-09-09 12:53:30,42801526,,"2024-02","Liriodendron tulipifera (tulip tree)",,,,,,,,,"98N048*07",,,,,,,,,0,0,2024-09-08,
556,2024-09-09 12:53:36,2024-09-09 12:54:42,42801526,,"2024-02","Metasequoia glyptostroboides (dawn-redwood)",,,,,,,,,,"20080508*03",,,,,,,,0,0,2024-09-08,"Could not find tag"
557,2024-09-09 12:51:07,2024-09-09 12:55:24,61885708,,"2024-02","Liriodendron tulipifera (tulip tree)",,,,,,,,,"20130271*01",,,,,,,,,0,0,2024-09-07,"none"
558,2024-09-09 12:56:56,2024-09-09 13:01:43,24988519,,"2024-02","Fagus grandifolia (American beech)",,,,,,"CC0242*01",,,,,,,,,,,,0,0,2024-09-07,"I didn't relize that I had to turn it in here also, so I only turned it in D2L which was on time but I didn't see this until now."
559,2024-09-09 13:01:51,2024-09-09 13:03:01,24988519,,"2024-02","Liriodendron tulipifera (tulip tree)",,,,,,,,,"97P033*01",,,,,,,,,0,0,2024-09-07,"Same thing, I didn't see this submission until now."
560,2024-09-09 14:04:06,2024-09-09 14:06:20,23287944,,"2024-01","Ulmus americana (American elm)",,,,,,,,,,,,,,,,,"CC6270*01",100,100,2024-09-06,
561,2024-09-09 14:06:25,2024-09-09 14:07:29,23287944,,"2024-01","Cercis canadensis (eastern redbud)",,,,"20000678*02",,,,,,,,,,,,,,2,2,2024-09-06,
562,2024-09-09 14:07:32,2024-09-09 14:08:42,23287944,,"2024-01","Ulmus americana (American elm)",,,,,,,,,,,,,,,,,"CC6270*01",0,0,2024-09-06,"I misread the first question my first time- I meant 100 percent green leaves not 100 percent leaves not green"
563,2024-09-09 14:52:50,2024-09-09 14:54:15,89002159,,"2024-01","Acer rubrum (red maple)","CC1719*01",,,,,,,,,,,,,,,,,0,0,2024-09-06,
564,2024-09-09 14:54:19,2024-09-09 14:55:30,89002159,,"2024-01","Ulmus americana (American elm)",,,,,,,,,,,,,,,,,"CC5425*16",0,0,2024-09-06,
565,2024-09-09 14:55:11,2024-09-09 14:59:06,17825640,,"2024-01","Liriodendron tulipifera (tulip tree)",,,,,,,,,"CC0901*01",,,,,,,,,0,0,2024-09-12,
566,2024-09-09 14:58:04,2024-09-09 15:01:51,98495809,,"2024-01","Platanus occidentalis (sycamore)",,,,,,,,,,,,,"CC9222*01",,,,,0,0,2024-09-06,"none"
567,2024-09-09 14:59:33,2024-09-09 15:02:00,17825640,,"2024-01","Liriodendron tulipifera (tulip tree)",,,,,,,,,"20150640*06",,,,,,,,,0,0,2024-09-05,
568,2024-09-09 15:04:18,2024-09-09 15:06:26,91235412,,"2024-01","Quercus alba (white oak)",,,,,,,,,,,,,,"CC6390*01",,,,0,0,2024-09-04,"N/A"
569,2024-09-09 15:09:25,2024-09-09 15:11:20,83940434,,"2024-01","Acer rubrum (red maple)","CC6341*01",,,,,,,,,,,,,,,,,0,0,2024-09-05,
570,2024-09-09 15:11:24,2024-09-09 15:12:11,83940434,,"2024-01","Acer saccharum (sugar maple)",,,"CC6394*01",,,,,,,,,,,,,,,0,0,2024-09-05,
571,2024-09-09 15:08:06,2024-09-09 15:15:37,49043798,,"2024-01","Fagus sylvatica (European beech)",,,,,,,"CC0190*01",,,,,,,,,,,0,0,2024-09-04,
572,2024-09-09 15:15:40,2024-09-09 15:17:13,49043798,,"2024-01","Liriodendron tulipifera (tulip tree)",,,,,,,,,"20120053*03",,,,,,,,,0,0,2024-09-04,
573,2024-09-09 16:13:00,2024-09-09 16:37:52,84712473,,"2024-01","Fagus grandifolia (American beech)",,,,,,"CC0139*01",,,,,,,,,,,,80,80,2024-09-05,
574,2024-09-09 16:37:56,2024-09-09 16:39:21,84712473,,"2024-01","Ulmus americana (American elm)",,,,,,,,,,,,,,,,,"CC6249*01",75,75,2024-09-06,
575,2024-09-09 16:47:53,2024-09-09 17:08:52,61975329,,"2024-01","Quercus macrocarpa (bur oak)",,,,,,,,,,,,,,,"20030465*01",,,0,0,2024-09-07,
576,2024-09-09 17:08:55,2024-09-09 17:09:36,61975329,,"2024-01","Quercus macrocarpa (bur oak)",,,,,,,,,,,,,,,"20030465*06",,,0,0,2024-09-07,
577,2024-09-09 17:49:13,2024-09-09 18:06:16,77540887,,"2024-01","Ostrya virginiana (American hop hornbeam)",,,,,,,,,,,"20070191*04",,,,,,,0,0,2024-09-06,"The tree looked healthy it was green no leaves had fallen out. There wasn't much shedding from the tree."
578,2024-09-09 18:35:23,2024-09-09 18:35:37,84919744,,"2024-02","Acer saccharinum (silver maple)",,"CC9722*01",,,,,,,,,,,,,,,,0,0,2024-09-05,"N/A"
579,2024-09-10 16:08:35,2024-09-10 16:11:06,73180601,,"2024-05","Liriodendron tulipifera (tulip tree)",,,,,,,,,"CC0901*01",,,,,,,,,0,0,2024-09-10,"Sorry for the poor lighting; someone was having a picnic date below it and I was trying not to be  weird about it."
580,2024-09-10 17:55:59,2024-09-10 17:57:45,26450370,,"2024-02","Quercus alba (white oak)",,,,,,,,,,,,,,"CC0320*01",,,,1,1,2024-09-05,
581,2024-09-10 18:17:40,2024-09-10 18:18:34,26450370,,"2024-02","Ulmus americana (American elm)",,,,,,,,,,,,,,,,,"CC4653*01",1,1,2024-09-05,
582,2024-09-11 08:33:34,2024-09-11 08:36:31,73180601,,"2024-05","Ostrya virginiana (American hop hornbeam)",,,,,,,,,,,"20070191*02",,,,,,,0,0,2024-09-11,
